/******************************************************************************
 * LVGL v9 font: ASCII (0x20-0x7E) + full Vietnamese repertoire
 * Size: 20 px  Bpp: 4  Source: arial.ttf
 *
 * GENERATED by tools/fonts/gen_vn_font.py -- do NOT hand-edit. Re-run the
 * generator to change size/subset. bpp=4 PLAIN, TINY(ascii)+SPARSE(vn) cmaps
 * (the only combo this project's pinned lvgl 9.2.2 decoder renders correctly).
 ******************************************************************************/

#ifdef LV_LVGL_H_INCLUDE_SIMPLE
    #include "lvgl.h"
#else
    #include "lvgl/lvgl.h"
#endif

#ifndef LV_FONT_VN_20
#define LV_FONT_VN_20 1
#endif

#if LV_FONT_VN_20

/*-----------------
 *    BITMAPS
 *----------------*/
static LV_ATTRIBUTE_LARGE_CONST const uint8_t glyph_bitmap[] = {
    0x4f, 0xd4, 0xfd, 0x4f, 0xd4, 0xfd, 0x3f, 0xc2, 0xfb, 0x1f, 0xa0, 0xf9, 0x0e, 0x80, 0xd7, 0x0c,
    0x60, 0x00, 0x00, 0x03, 0xfc, 0x3f, 0xc0, 0x1f, 0xe0, 0xdf, 0x21, 0xfe, 0x0d, 0xf2, 0x1f, 0xd0,
    0xcf, 0x20, 0xdb, 0x0a, 0xe0, 0x0a, 0x80, 0x7c, 0x00, 0x00, 0x01, 0xf6, 0x00, 0x8e, 0x00, 0x00,
    0x5f, 0x20, 0x0b, 0xb0, 0x00, 0x08, 0xe0, 0x00, 0xe8, 0x00, 0x00, 0xbb, 0x00, 0x3f, 0x40, 0xcf,
    0xff, 0xff, 0xff, 0xff, 0xd6, 0x89, 0xfa, 0x88, 0xce, 0x87, 0x00, 0x5f, 0x20, 0x0c, 0xa0, 0x00,
    0x08, 0xe0, 0x00, 0xf7, 0x00, 0x00, 0xbb, 0x00, 0x3f, 0x40, 0x0c, 0xff, 0xff, 0xff, 0xff, 0xfd,
    0x69, 0xfa, 0x88, 0xce, 0x88, 0x70, 0x5f, 0x20, 0x0c, 0xa0, 0x00, 0x08, 0xe0, 0x00, 0xf7, 0x00,
    0x00, 0xbb, 0x00, 0x3f, 0x40, 0x00, 0x0e, 0x80, 0x05, 0xf2, 0x00, 0x00, 0x00, 0x00, 0x0f, 0x00,
    0x00, 0x00, 0x02, 0xad, 0xfd, 0x91, 0x00, 0x03, 0xef, 0xaf, 0xbf, 0xc1, 0x00, 0xbf, 0x40, 0xf0,
    0x8f, 0x70, 0x0e, 0xd0, 0x0f, 0x02, 0xe9, 0x00, 0xee, 0x10, 0xf0, 0x00, 0x00, 0x0a, 0xfb, 0x3f,
    0x00, 0x00, 0x00, 0x2d, 0xff, 0xfa, 0x50, 0x00, 0x00, 0x18, 0xdf, 0xff, 0xc1, 0x00, 0x00, 0x00,
    0xf7, 0xdf, 0xa0, 0x00, 0x00, 0x0f, 0x01, 0xef, 0x12, 0xc8, 0x00, 0xf0, 0x0a, 0xf2, 0x1f, 0xd0,
    0x0f, 0x00, 0xbf, 0x10, 0xbf, 0x60, 0xf0, 0x4f, 0xb0, 0x02, 0xef, 0xaf, 0xaf, 0xe3, 0x00, 0x02,
    0x9d, 0xfe, 0xa2, 0x00, 0x00, 0x00, 0x0f, 0x00, 0x00, 0x00, 0x00, 0x00, 0xf0, 0x00, 0x00, 0x06,
    0xee, 0xa1, 0x00, 0x00, 0x3f, 0x30, 0x00, 0x4f, 0x85, 0xda, 0x00, 0x00, 0xbb, 0x00, 0x00, 0xad,
    0x00, 0x7f, 0x10, 0x04, 0xf3, 0x00, 0x00, 0xcb, 0x00, 0x4f, 0x30, 0x0b, 0xa0, 0x00, 0x00, 0xcb,
    0x00, 0x4f, 0x30, 0x4f, 0x20, 0x00, 0x00, 0xad, 0x00, 0x7f, 0x10, 0xc9, 0x00, 0x00, 0x00, 0x4f,
    0x84, 0xda, 0x05, 0xf2, 0x00, 0x00, 0x00, 0x06, 0xde, 0xa1, 0x0d, 0x90, 0x4c, 0xfc, 0x30, 0x00,
    0x00, 0x00, 0x6e, 0x21, 0xeb, 0x4b, 0xd0, 0x00, 0x00, 0x00, 0xd8, 0x06, 0xf2, 0x03, 0xf5, 0x00,
    0x00, 0x06, 0xe1, 0x08, 0xf0, 0x00, 0xf7, 0x00, 0x00, 0x1e, 0x80, 0x08, 0xf0, 0x00, 0xf7, 0x00,
    0x00, 0x7e, 0x10, 0x06, 0xf2, 0x02, 0xf5, 0x00, 0x01, 0xe7, 0x00, 0x01, 0xeb, 0x4b, 0xd0, 0x00,
    0x08, 0xe1, 0x00, 0x00, 0x3c, 0xfc, 0x30, 0x00, 0x01, 0x8d, 0xeb, 0x30, 0x00, 0x00, 0x00, 0xbf,
    0xa9, 0xee, 0x10, 0x00, 0x00, 0x3f, 0xa0, 0x06, 0xf6, 0x00, 0x00, 0x05, 0xf9, 0x00, 0x5f, 0x70,
    0x00, 0x00, 0x1f, 0xe2, 0x1b, 0xf3, 0x00, 0x00, 0x00, 0x7f, 0xdd, 0xf6, 0x00, 0x00, 0x00, 0x02,
    0xef, 0xf4, 0x00, 0x00, 0x00, 0x06, 0xfe, 0xdf, 0x70, 0x00, 0x00, 0x05, 0xfd, 0x22, 0xef, 0x31,
    0xd9, 0x00, 0xdf, 0x20, 0x05, 0xfd, 0x6f, 0x90, 0x1f, 0xc0, 0x00, 0x07, 0xff, 0xf3, 0x01, 0xfe,
    0x00, 0x00, 0x0c, 0xfc, 0x00, 0x0b, 0xf7, 0x00, 0x06, 0xff, 0xf5, 0x00, 0x2e, 0xfb, 0x8c, 0xfd,
    0x4d, 0xf5, 0x00, 0x29, 0xef, 0xd8, 0x10, 0x2c, 0x50, 0x2f, 0xd2, 0xfd, 0x1f, 0xd0, 0xea, 0x0b,
    0x70, 0x00, 0x0a, 0xa0, 0x04, 0xf2, 0x00, 0xd9, 0x00, 0x6f, 0x30, 0x0c, 0xd0, 0x02, 0xf8, 0x00,
    0x6f, 0x50, 0x09, 0xf2, 0x00, 0xbf, 0x10, 0x0b, 0xf0, 0x00, 0xaf, 0x10, 0x09, 0xf3, 0x00, 0x6f,
    0x50, 0x02, 0xf9, 0x00, 0x0c, 0xd0, 0x00, 0x6f, 0x30, 0x00, 0xd9, 0x00, 0x05, 0xf2, 0x00, 0x0a,
    0xa0, 0x8c, 0x00, 0x01, 0xe6, 0x00, 0x07, 0xe1, 0x00, 0x1f, 0x80, 0x00, 0xbe, 0x10, 0x06, 0xf5,
    0x00, 0x3f, 0x90, 0x00, 0xfc, 0x00, 0x0e, 0xd0, 0x00, 0xde, 0x00, 0x0e, 0xd0, 0x00, 0xfc, 0x00,
    0x3f, 0x90, 0x06, 0xf5, 0x00, 0xbe, 0x00, 0x1f, 0x80, 0x07, 0xe1, 0x01, 0xe7, 0x00, 0x8c, 0x00,
    0x00, 0x00, 0x0d, 0x80, 0x00, 0x00, 0x0b, 0x60, 0x00, 0x2e, 0xcd, 0xcd, 0xc0, 0x02, 0x7f, 0xe4,
    0x10, 0x02, 0xe8, 0xcb, 0x00, 0x03, 0xb1, 0x3b, 0x10, 0x00, 0x00, 0xfa, 0x00, 0x00, 0x00, 0x00,
    0xfa, 0x00, 0x00, 0x00, 0x00, 0xfa, 0x00, 0x00, 0x00, 0x00, 0xfa, 0x00, 0x00, 0xdf, 0xff, 0xff,
    0xff, 0xf8, 0xab, 0xbb, 0xfe, 0xbb, 0xb6, 0x00, 0x00, 0xfa, 0x00, 0x00, 0x00, 0x00, 0xfa, 0x00,
    0x00, 0x00, 0x00, 0xfa, 0x00, 0x00, 0x00, 0x00, 0xfa, 0x00, 0x00, 0x3f, 0xc3, 0xfc, 0x04, 0xb0,
    0xb8, 0x2b, 0x10, 0x5f, 0xff, 0xff, 0x05, 0xff, 0xff, 0xf0, 0x3f, 0xc3, 0xfc, 0x00, 0x00, 0xe6,
    0x00, 0x04, 0xf2, 0x00, 0x08, 0xd0, 0x00, 0x0c, 0x90, 0x00, 0x1f, 0x50, 0x00, 0x6f, 0x10, 0x00,
    0xac, 0x00, 0x00, 0xe7, 0x00, 0x03, 0xf3, 0x00, 0x07, 0xe0, 0x00, 0x0b, 0xa0, 0x00, 0x1f, 0x60,
    0x00, 0x5f, 0x20, 0x00, 0x9d, 0x00, 0x00, 0xd8, 0x00, 0x00, 0x00, 0x07, 0xdf, 0xd7, 0x00, 0x00,
    0x0a, 0xfb, 0x8c, 0xfa, 0x00, 0x04, 0xf9, 0x00, 0x0a, 0xf4, 0x00, 0xaf, 0x20, 0x00, 0x2f, 0xa0,
    0x0e, 0xd0, 0x00, 0x00, 0xde, 0x01, 0xfb, 0x00, 0x00, 0x0b, 0xf1, 0x2f, 0xa0, 0x00, 0x00, 0xaf,
    0x22, 0xfa, 0x00, 0x00, 0x0a, 0xf2, 0x2f, 0xa0, 0x00, 0x00, 0xaf, 0x21, 0xfb, 0x00, 0x00, 0x0b,
    0xf1, 0x0e, 0xd0, 0x00, 0x00, 0xdd, 0x00, 0xaf, 0x20, 0x00, 0x2f, 0xa0, 0x05, 0xf9, 0x00, 0x0a,
    0xf4, 0x00, 0x0a, 0xfc, 0x8c, 0xfa, 0x00, 0x00, 0x08, 0xdf, 0xd7, 0x00, 0x00, 0x00, 0x01, 0xe7,
    0x00, 0x0a, 0xf7, 0x00, 0xaf, 0xf7, 0x3c, 0xfc, 0xf7, 0xcf, 0x75, 0xf7, 0xa3, 0x05, 0xf7, 0x00,
    0x05, 0xf7, 0x00, 0x05, 0xf7, 0x00, 0x05, 0xf7, 0x00, 0x05, 0xf7, 0x00, 0x05, 0xf7, 0x00, 0x05,
    0xf7, 0x00, 0x05, 0xf7, 0x00, 0x05, 0xf7, 0x00, 0x05, 0xf7, 0x00, 0x29, 0xdf, 0xea, 0x20, 0x00,
    0x3e, 0xfa, 0x8a, 0xfe, 0x20, 0x0b, 0xf4, 0x00, 0x05, 0xfb, 0x00, 0xdc, 0x00, 0x00, 0x0d, 0xf0,
    0x00, 0x00, 0x00, 0x00, 0xcf, 0x00, 0x00, 0x00, 0x00, 0x2f, 0xc0, 0x00, 0x00, 0x00, 0x0b, 0xf6,
    0x00, 0x00, 0x00, 0x09, 0xfa, 0x00, 0x00, 0x00, 0x09, 0xfb, 0x10, 0x00, 0x00, 0x1b, 0xfb, 0x10,
    0x00, 0x00, 0x1c, 0xfa, 0x00, 0x00, 0x00, 0x0b, 0xf8, 0x00, 0x00, 0x00, 0x08, 0xf9, 0x00, 0x00,
    0x00, 0x01, 0xff, 0xcb, 0xbb, 0xbb, 0xb1, 0x5f, 0xff, 0xff, 0xff, 0xff, 0x10, 0x00, 0x19, 0xde,
    0xc7, 0x00, 0x00, 0x1d, 0xfa, 0x8c, 0xfa, 0x00, 0x09, 0xf6, 0x00, 0x0a, 0xf4, 0x00, 0xad, 0x00,
    0x00, 0x5f, 0x70, 0x00, 0x00, 0x00, 0x08, 0xf6, 0x00, 0x00, 0x00, 0x17, 0xfd, 0x10, 0x00, 0x00,
    0x8f, 0xfd, 0x20, 0x00, 0x00, 0x06, 0x8b, 0xfe, 0x30, 0x00, 0x00, 0x00, 0x06, 0xfc, 0x00, 0x00,
    0x00, 0x00, 0x0c, 0xf2, 0x00, 0x00, 0x00, 0x00, 0xbf, 0x31, 0xdb, 0x00, 0x00, 0x0d, 0xf1, 0x0c,
    0xf4, 0x00, 0x08, 0xfa, 0x00, 0x3e, 0xfa, 0x8b, 0xfd, 0x10, 0x00, 0x2a, 0xef, 0xd8, 0x10, 0x00,
    0x00, 0x00, 0x00, 0x8f, 0x30, 0x00, 0x00, 0x00, 0x3f, 0xf3, 0x00, 0x00, 0x00, 0x0c, 0xff, 0x30,
    0x00, 0x00, 0x08, 0xfb, 0xf3, 0x00, 0x00, 0x03, 0xf8, 0x8f, 0x30, 0x00, 0x00, 0xcd, 0x08, 0xf3,
    0x00, 0x00, 0x7f, 0x40, 0x8f, 0x30, 0x00, 0x2f, 0x90, 0x08, 0xf3, 0x00, 0x0b, 0xd1, 0x00, 0x8f,
    0x30, 0x06, 0xf5, 0x00, 0x08, 0xf3, 0x00, 0xbf, 0xff, 0xff, 0xff, 0xff, 0x26, 0x88, 0x88, 0x8c,
    0xf9, 0x81, 0x00, 0x00, 0x00, 0x8f, 0x30, 0x00, 0x00, 0x00, 0x08, 0xf3, 0x00, 0x00, 0x00, 0x00,
    0x8f, 0x30, 0x00, 0x00, 0x8f, 0xff, 0xff, 0xfa, 0x00, 0x0b, 0xfb, 0xbb, 0xbb, 0x70, 0x00, 0xec,
    0x00, 0x00, 0x00, 0x00, 0x1f, 0x90, 0x00, 0x00, 0x00, 0x04, 0xf7, 0x00, 0x00, 0x00, 0x00, 0x7f,
    0x7b, 0xee, 0xa2, 0x00, 0x0a, 0xff, 0xa8, 0xbf, 0xe3, 0x00, 0xae, 0x40, 0x00, 0x6f, 0xc0, 0x00,
    0x00, 0x00, 0x00, 0xcf, 0x30, 0x00, 0x00, 0x00, 0x09, 0xf4, 0x01, 0x10, 0x00, 0x00, 0xaf, 0x41,
    0xfd, 0x00, 0x00, 0x0d, 0xf1, 0x0c, 0xf6, 0x00, 0x07, 0xf9, 0x00, 0x3e, 0xfa, 0x8b, 0xfd, 0x10,
    0x00, 0x2a, 0xef, 0xd8, 0x10, 0x00, 0x00, 0x05, 0xce, 0xea, 0x20, 0x00, 0x08, 0xfd, 0x8a, 0xfe,
    0x10, 0x03, 0xfb, 0x00, 0x06, 0xf9, 0x00, 0x9f, 0x20, 0x00, 0x0e, 0xb0, 0x0e, 0xc0, 0x00, 0x00,
    0x00, 0x01, 0xf9, 0x3b, 0xee, 0xa2, 0x00, 0x3f, 0xbf, 0xc8, 0xbf, 0xe2, 0x03, 0xff, 0x90, 0x00,
    0x6f, 0xa0, 0x3f, 0xf1, 0x00, 0x00, 0xdf, 0x12, 0xfd, 0x00, 0x00, 0x0a, 0xf3, 0x0f, 0xd0, 0x00,
    0x00, 0xaf, 0x20, 0xcf, 0x20, 0x00, 0x0d, 0xe0, 0x06, 0xfa, 0x00, 0x07, 0xf9, 0x00, 0x0a, 0xfc,
    0x8b, 0xfd, 0x10, 0x00, 0x07, 0xcf, 0xd9, 0x10, 0x00, 0x1f, 0xff, 0xff, 0xff, 0xff, 0x31, 0xbb,
    0xbb, 0xbb, 0xcf, 0xe2, 0x00, 0x00, 0x00, 0x09, 0xf5, 0x00, 0x00, 0x00, 0x04, 0xfa, 0x00, 0x00,
    0x00, 0x00, 0xde, 0x10, 0x00, 0x00, 0x00, 0x6f, 0x80, 0x00, 0x00, 0x00, 0x0d, 0xe1, 0x00, 0x00,
    0x00, 0x05, 0xf9, 0x00, 0x00, 0x00, 0x00, 0xbf, 0x30, 0x00, 0x00, 0x00, 0x1f, 0xd0, 0x00, 0x00,
    0x00, 0x05, 0xf8, 0x00, 0x00, 0x00, 0x00, 0x8f, 0x40, 0x00, 0x00, 0x00, 0x0c, 0xf1, 0x00, 0x00,
    0x00, 0x00, 0xee, 0x00, 0x00, 0x00, 0x00, 0x0f, 0xc0, 0x00, 0x00, 0x00, 0x00, 0x19, 0xdf, 0xd8,
    0x10, 0x00, 0x0c, 0xfb, 0x8b, 0xfc, 0x00, 0x06, 0xf9, 0x00, 0x09, 0xf6, 0x00, 0x9f, 0x40, 0x00,
    0x3f, 0x90, 0x07, 0xf5, 0x00, 0x05, 0xf8, 0x00, 0x2e, 0xd4, 0x14, 0xde, 0x20, 0x00, 0x2d, 0xff,
    0xfd, 0x30, 0x00, 0x1c, 0xfb, 0x8b, 0xfc, 0x10, 0x0b, 0xf6, 0x00, 0x05, 0xfb, 0x01, 0xfc, 0x00,
    0x00, 0x0b, 0xf2, 0x2f, 0xa0, 0x00, 0x00, 0x9f, 0x31, 0xfc, 0x00, 0x00, 0x0b, 0xf2, 0x0b, 0xf6,
    0x00, 0x05, 0xfc, 0x00, 0x2e, 0xfb, 0x8a, 0xfe, 0x20, 0x00, 0x29, 0xdf, 0xe9, 0x20, 0x00, 0x00,
    0x19, 0xee, 0xc6, 0x00, 0x00, 0x1d, 0xfc, 0x8b, 0xfa, 0x00, 0x09, 0xf9, 0x00, 0x08, 0xf5, 0x00,
    0xee, 0x10, 0x00, 0x1e, 0xc0, 0x2f, 0xb0, 0x00, 0x00, 0xcf, 0x12, 0xfa, 0x00, 0x00, 0x0c, 0xf3,
    0x0f, 0xd0, 0x00, 0x00, 0xef, 0x30, 0xaf, 0x70, 0x00, 0x8f, 0xf4, 0x02, 0xef, 0xb8, 0xbf, 0xbf,
    0x30, 0x02, 0xae, 0xeb, 0x39, 0xf2, 0x00, 0x00, 0x00, 0x00, 0xbe, 0x00, 0xbd, 0x00, 0x00, 0x2f,
    0xa0, 0x08, 0xf5, 0x00, 0x1b, 0xf3, 0x00, 0x1e, 0xf9, 0x8d, 0xf7, 0x00, 0x00, 0x2a, 0xee, 0xc5,
    0x00, 0x00, 0x3f, 0xc3, 0xfc, 0x00, 0x00, 0x00, 0x00, 0x00, 0x00, 0x00, 0x00, 0x00, 0x3f, 0xc3,
    0xfc, 0x3f, 0xc3, 0xfc, 0x00, 0x00, 0x00, 0x00, 0x00, 0x00, 0x00, 0x00, 0x00, 0x3f, 0xc3, 0xfc,
    0x04, 0xb0, 0xb8, 0x2b, 0x10, 0x00, 0x00, 0x00, 0x02, 0x88, 0x00, 0x00, 0x04, 0xbf, 0xf9, 0x00,
    0x17, 0xdf, 0xfd, 0x71, 0x39, 0xef, 0xfa, 0x40, 0x00, 0xef, 0xd7, 0x10, 0x00, 0x00, 0xef, 0xc6,
    0x10, 0x00, 0x00, 0x39, 0xef, 0xe9, 0x30, 0x00, 0x00, 0x17, 0xdf, 0xfc, 0x61, 0x00, 0x00, 0x04,
    0xbf, 0xf9, 0x00, 0x00, 0x00, 0x02, 0x88, 0xdf, 0xff, 0xff, 0xff, 0xf8, 0xab, 0xbb, 0xbb, 0xbb,
    0xb6, 0x00, 0x00, 0x00, 0x00, 0x00, 0x00, 0x00, 0x00, 0x00, 0x00, 0xdf, 0xff, 0xff, 0xff, 0xf8,
    0xab, 0xbb, 0xbb, 0xbb, 0xb6, 0xb6, 0x10, 0x00, 0x00, 0x00, 0xef, 0xe8, 0x20, 0x00, 0x00, 0x29,
    0xef, 0xfb, 0x40, 0x00, 0x00, 0x06, 0xcf, 0xfd, 0x71, 0x00, 0x00, 0x03, 0x9e, 0xf9, 0x00, 0x00,
    0x02, 0x8e, 0xf9, 0x00, 0x05, 0xbf, 0xfd, 0x71, 0x28, 0xef, 0xfb, 0x50, 0x00, 0xef, 0xe9, 0x20,
    0x00, 0x00, 0xb6, 0x10, 0x00, 0x00, 0x00, 0x00, 0x29, 0xdf, 0xea, 0x20, 0x00, 0x2e, 0xfb, 0x8b,
    0xfe, 0x30, 0x0b, 0xf6, 0x00, 0x05, 0xfc, 0x00, 0xdc, 0x00, 0x00, 0x0c, 0xf1, 0x00, 0x00, 0x00,
    0x00, 0xcf, 0x10, 0x00, 0x00, 0x00, 0x5f, 0xa0, 0x00, 0x00, 0x00, 0x5f, 0xd2, 0x00, 0x00, 0x00,
    0x5f, 0xd2, 0x00, 0x00, 0x00, 0x1e, 0xd1, 0x00, 0x00, 0x00, 0x05, 0xf7, 0x00, 0x00, 0x00, 0x00,
    0x6f, 0x50, 0x00, 0x00, 0x00, 0x00, 0x00, 0x00, 0x00, 0x00, 0x00, 0x00, 0x00, 0x00, 0x00, 0x00,
    0x08, 0xf8, 0x00, 0x00, 0x00, 0x00, 0x8f, 0x80, 0x00, 0x00, 0x00, 0x00, 0x02, 0x8b, 0xef, 0xed,
    0x94, 0x00, 0x00, 0x00, 0x00, 0x19, 0xff, 0xb8, 0x78, 0xae, 0xfa, 0x10, 0x00, 0x00, 0x1c, 0xf8,
    0x10, 0x00, 0x00, 0x17, 0xed, 0x10, 0x00, 0x0b, 0xe5, 0x00, 0x00, 0x00, 0x00, 0x03, 0xeb, 0x00,
    0x06, 0xf5, 0x00, 0x2a, 0xee, 0x70, 0xec, 0x05, 0xf5, 0x00, 0xda, 0x00, 0x3e, 0xe8, 0x9e, 0xaf,
    0x90, 0x0c, 0xb0, 0x4f, 0x30, 0x1d, 0xe2, 0x00, 0x4f, 0xf6, 0x00, 0x8e, 0x09, 0xd0, 0x07, 0xf6,
    0x00, 0x00, 0xdf, 0x30, 0x06, 0xf1, 0xba, 0x00, 0xde, 0x10, 0x00, 0x0b, 0xf0, 0x00, 0x6f, 0x1d,
    0x80, 0x1f, 0xb0, 0x00, 0x00, 0xdc, 0x00, 0x09, 0xe0, 0xd8, 0x02, 0xfa, 0x00, 0x00, 0x2f, 0x90,
    0x01, 0xe9, 0x0c, 0xa0, 0x1f, 0xb0, 0x00, 0x08, 0xf6, 0x00, 0x9f, 0x20, 0x9d, 0x00, 0xcf, 0x20,
    0x05, 0xff, 0x40, 0x7f, 0x70, 0x05, 0xf4, 0x04, 0xfd, 0x8a, 0xec, 0xfd, 0xdf, 0x80, 0x00, 0x0d,
    0xc1, 0x05, 0xde, 0xb3, 0x3d, 0xec, 0x50, 0x00, 0x00, 0x4f, 0xb1, 0x00, 0x00, 0x00, 0x00, 0x00,
    0x1b, 0xf3, 0x00, 0x6f, 0xd5, 0x00, 0x00, 0x00, 0x00, 0x5d, 0xf5, 0x00, 0x00, 0x3c, 0xfe, 0xb8,
    0x77, 0x8a, 0xef, 0xc3, 0x00, 0x00, 0x00, 0x04, 0x8c, 0xef, 0xfe, 0xc8, 0x30, 0x00, 0x00, 0x00,
    0x00, 0x0b, 0xfb, 0x00, 0x00, 0x00, 0x00, 0x00, 0x1f, 0xef, 0x20, 0x00, 0x00, 0x00, 0x00, 0x7f,
    0x7f, 0x70, 0x00, 0x00, 0x00, 0x00, 0xce, 0x0e, 0xd0, 0x00, 0x00, 0x00, 0x03, 0xfa, 0x09, 0xf4,
    0x00, 0x00, 0x00, 0x08, 0xf5, 0x04, 0xfa, 0x00, 0x00, 0x00, 0x0e, 0xe0, 0x00, 0xef, 0x10, 0x00,
    0x00, 0x4f, 0x90, 0x00, 0x9f, 0x70, 0x00, 0x00, 0xaf, 0x40, 0x00, 0x3f, 0xd0, 0x00, 0x01, 0xef,
    0xff, 0xff, 0xff, 0xf3, 0x00, 0x06, 0xfb, 0x88, 0x88, 0x8a, 0xf9, 0x00, 0x0b, 0xf3, 0x00, 0x00,
    0x01, 0xfe, 0x10, 0x2f, 0xd0, 0x00, 0x00, 0x00, 0xbf, 0x60, 0x7f, 0x80, 0x00, 0x00, 0x00, 0x5f,
    0xc0, 0xdf, 0x20, 0x00, 0x00, 0x00, 0x0e, 0xf3, 0x8f, 0xff, 0xff, 0xec, 0x81, 0x00, 0x8f, 0xdb,
    0xbb, 0xcf, 0xfb, 0x00, 0x8f, 0x50, 0x00, 0x01, 0xcf, 0x50, 0x8f, 0x50, 0x00, 0x00, 0x5f, 0x80,
    0x8f, 0x50, 0x00, 0x00, 0x6f, 0x60, 0x8f, 0x50, 0x00, 0x14, 0xdd, 0x10, 0x8f, 0xff, 0xff, 0xff,
    0xd2, 0x00, 0x8f, 0xdb, 0xbb, 0xce, 0xfc, 0x20, 0x8f, 0x50, 0x00, 0x00, 0x8f, 0xb0, 0x8f, 0x50,
    0x00, 0x00, 0x0d, 0xf2, 0x8f, 0x50, 0x00, 0x00, 0x0b, 0xf4, 0x8f, 0x50, 0x00, 0x00, 0x0d, 0xf2,
    0x8f, 0x50, 0x00, 0x00, 0x7f, 0xc0, 0x8f, 0xdb, 0xbb, 0xce, 0xff, 0x40, 0x8f, 0xff, 0xff, 0xfd,
    0xa3, 0x00, 0x00, 0x03, 0x9d, 0xee, 0xb5, 0x00, 0x00, 0x08, 0xfe, 0xa8, 0x9e, 0xf9, 0x00, 0x08,
    0xfb, 0x10, 0x00, 0x1c, 0xf7, 0x02, 0xfd, 0x10, 0x00, 0x00, 0x2f, 0xe1, 0x8f, 0x70, 0x00, 0x00,
    0x00, 0x9c, 0x3c, 0xf2, 0x00, 0x00, 0x00, 0x00, 0x00, 0xef, 0x00, 0x00, 0x00, 0x00, 0x00, 0x0f,
    0xf0, 0x00, 0x00, 0x00, 0x00, 0x00, 0xef, 0x10, 0x00, 0x00, 0x00, 0x00, 0x0c, 0xf3, 0x00, 0x00,
    0x00, 0x00, 0x00, 0x7f, 0x70, 0x00, 0x00, 0x00, 0x6c, 0x52, 0xfd, 0x10, 0x00, 0x00, 0x0c, 0xf4,
    0x08, 0xfb, 0x10, 0x00, 0x1a, 0xfb, 0x00, 0x09, 0xfe, 0xa8, 0xae, 0xfc, 0x10, 0x00, 0x04, 0xad,
    0xfe, 0xc6, 0x00, 0x00, 0x7f, 0xff, 0xff, 0xed, 0x92, 0x00, 0x07, 0xfd, 0xbb, 0xbc, 0xef, 0xf5,
    0x00, 0x7f, 0x70, 0x00, 0x00, 0x7f, 0xe2, 0x07, 0xf7, 0x00, 0x00, 0x00, 0x8f, 0x90, 0x7f, 0x70,
    0x00, 0x00, 0x01, 0xee, 0x07, 0xf7, 0x00, 0x00, 0x00, 0x0b, 0xf3, 0x7f, 0x70, 0x00, 0x00, 0x00,
    0x9f, 0x57, 0xf7, 0x00, 0x00, 0x00, 0x09, 0xf5, 0x7f, 0x70, 0x00, 0x00, 0x00, 0xaf, 0x57, 0xf7,
    0x00, 0x00, 0x00, 0x0c, 0xf3, 0x7f, 0x70, 0x00, 0x00, 0x01, 0xfe, 0x07, 0xf7, 0x00, 0x00, 0x00,
    0x8f, 0x90, 0x7f, 0x70, 0x00, 0x00, 0x7f, 0xe2, 0x07, 0xfd, 0xbb, 0xbc, 0xef, 0xf4, 0x00, 0x7f,
    0xff, 0xff, 0xed, 0x92, 0x00, 0x00, 0x6f, 0xff, 0xff, 0xff, 0xff, 0xe0, 0x6f, 0xdb, 0xbb, 0xbb,
    0xbb, 0xb0, 0x6f, 0x70, 0x00, 0x00, 0x00, 0x00, 0x6f, 0x70, 0x00, 0x00, 0x00, 0x00, 0x6f, 0x70,
    0x00, 0x00, 0x00, 0x00, 0x6f, 0x70, 0x00, 0x00, 0x00, 0x00, 0x6f, 0xff, 0xff, 0xff, 0xff, 0x60,
    0x6f, 0xdb, 0xbb, 0xbb, 0xbb, 0x40, 0x6f, 0x70, 0x00, 0x00, 0x00, 0x00, 0x6f, 0x70, 0x00, 0x00,
    0x00, 0x00, 0x6f, 0x70, 0x00, 0x00, 0x00, 0x00, 0x6f, 0x70, 0x00, 0x00, 0x00, 0x00, 0x6f, 0x70,
    0x00, 0x00, 0x00, 0x00, 0x6f, 0xdb, 0xbb, 0xbb, 0xbb, 0xb3, 0x6f, 0xff, 0xff, 0xff, 0xff, 0xf4,
    0x5f, 0xff, 0xff, 0xff, 0xff, 0x45, 0xfd, 0xbb, 0xbb, 0xbb, 0xb3, 0x5f, 0x80, 0x00, 0x00, 0x00,
    0x05, 0xf8, 0x00, 0x00, 0x00, 0x00, 0x5f, 0x80, 0x00, 0x00, 0x00, 0x05, 0xf8, 0x00, 0x00, 0x00,
    0x00, 0x5f, 0xff, 0xff, 0xff, 0xf4, 0x05, 0xfd, 0xbb, 0xbb, 0xbb, 0x30, 0x5f, 0x80, 0x00, 0x00,
    0x00, 0x05, 0xf8, 0x00, 0x00, 0x00, 0x00, 0x5f, 0x80, 0x00, 0x00, 0x00, 0x05, 0xf8, 0x00, 0x00,
    0x00, 0x00, 0x5f, 0x80, 0x00, 0x00, 0x00, 0x05, 0xf8, 0x00, 0x00, 0x00, 0x00, 0x5f, 0x80, 0x00,
    0x00, 0x00, 0x00, 0x00, 0x02, 0x8c, 0xef, 0xd9, 0x30, 0x00, 0x00, 0x5e, 0xfc, 0x88, 0xaf, 0xf7,
    0x00, 0x05, 0xfd, 0x30, 0x00, 0x02, 0xdf, 0x40, 0x1e, 0xf3, 0x00, 0x00, 0x00, 0x3f, 0xb0, 0x6f,
    0x90, 0x00, 0x00, 0x00, 0x0b, 0xa0, 0xaf, 0x40, 0x00, 0x00, 0x00, 0x00, 0x00, 0xcf, 0x20, 0x00,
    0x00, 0x00, 0x00, 0x00, 0xef, 0x10, 0x00, 0x0b, 0xff, 0xff, 0xf5, 0xdf, 0x20, 0x00, 0x08, 0xbb,
    0xbd, 0xf5, 0xbf, 0x40, 0x00, 0x00, 0x00, 0x08, 0xf5, 0x6f, 0x80, 0x00, 0x00, 0x00, 0x08, 0xf5,
    0x1e, 0xe2, 0x00, 0x00, 0x00, 0x08, 0xf5, 0x05, 0xfd, 0x40, 0x00, 0x00, 0x6e, 0xf5, 0x00, 0x5e,
    0xfc, 0x98, 0xae, 0xfe, 0x80, 0x00, 0x01, 0x7c, 0xef, 0xeb, 0x71, 0x00, 0x6f, 0x80, 0x00, 0x00,
    0x01, 0xfc, 0x6f, 0x80, 0x00, 0x00, 0x01, 0xfc, 0x6f, 0x80, 0x00, 0x00, 0x01, 0xfc, 0x6f, 0x80,
    0x00, 0x00, 0x01, 0xfc, 0x6f, 0x80, 0x00, 0x00, 0x01, 0xfc, 0x6f, 0x80, 0x00, 0x00, 0x01, 0xfc,
    0x6f, 0xff, 0xff, 0xff, 0xff, 0xfc, 0x6f, 0xdb, 0xbb, 0xbb, 0xbc, 0xfc, 0x6f, 0x80, 0x00, 0x00,
    0x01, 0xfc, 0x6f, 0x80, 0x00, 0x00, 0x01, 0xfc, 0x6f, 0x80, 0x00, 0x00, 0x01, 0xfc, 0x6f, 0x80,
    0x00, 0x00, 0x01, 0xfc, 0x6f, 0x80, 0x00, 0x00, 0x01, 0xfc, 0x6f, 0x80, 0x00, 0x00, 0x01, 0xfc,
    0x6f, 0x80, 0x00, 0x00, 0x01, 0xfc, 0x2f, 0xc2, 0xfc, 0x2f, 0xc2, 0xfc, 0x2f, 0xc2, 0xfc, 0x2f,
    0xc2, 0xfc, 0x2f, 0xc2, 0xfc, 0x2f, 0xc2, 0xfc, 0x2f, 0xc2, 0xfc, 0x2f, 0xc0, 0x00, 0x00, 0x00,
    0x7f, 0x70, 0x00, 0x00, 0x07, 0xf7, 0x00, 0x00, 0x00, 0x7f, 0x70, 0x00, 0x00, 0x07, 0xf7, 0x00,
    0x00, 0x00, 0x7f, 0x70, 0x00, 0x00, 0x07, 0xf7, 0x00, 0x00, 0x00, 0x7f, 0x70, 0x00, 0x00, 0x07,
    0xf7, 0x00, 0x00, 0x00, 0x7f, 0x70, 0x00, 0x00, 0x07, 0xf7, 0x5d, 0x50, 0x00, 0x7f, 0x65, 0xf7,
    0x00, 0x08, 0xf5, 0x2f, 0xd1, 0x01, 0xdf, 0x20, 0xaf, 0xec, 0xef, 0xa0, 0x00, 0x8d, 0xfd, 0x70,
    0x00, 0x8f, 0x50, 0x00, 0x00, 0x2d, 0xf8, 0x08, 0xf5, 0x00, 0x00, 0x1d, 0xf9, 0x00, 0x8f, 0x50,
    0x00, 0x1c, 0xf9, 0x00, 0x08, 0xf5, 0x00, 0x0b, 0xfa, 0x00, 0x00, 0x8f, 0x50, 0x0a, 0xfa, 0x00,
    0x00, 0x08, 0xf5, 0x09, 0xfa, 0x00, 0x00, 0x00, 0x8f, 0x57, 0xff, 0x40, 0x00, 0x00, 0x08, 0xfb,
    0xfc, 0xfd, 0x10, 0x00, 0x00, 0x8f, 0xfb, 0x09, 0xfa, 0x00, 0x00, 0x08, 0xfc, 0x10, 0x1d, 0xf6,
    0x00, 0x00, 0x8f, 0x50, 0x00, 0x4f, 0xe2, 0x00, 0x08, 0xf5, 0x00, 0x00, 0x9f, 0xc0, 0x00, 0x8f,
    0x50, 0x00, 0x01, 0xdf, 0x80, 0x08, 0xf5, 0x00, 0x00, 0x03, 0xff, 0x40, 0x8f, 0x50, 0x00, 0x00,
    0x08, 0xfd, 0x10, 0x8f, 0x50, 0x00, 0x00, 0x00, 0x8f, 0x50, 0x00, 0x00, 0x00, 0x8f, 0x50, 0x00,
    0x00, 0x00, 0x8f, 0x50, 0x00, 0x00, 0x00, 0x8f, 0x50, 0x00, 0x00, 0x00, 0x8f, 0x50, 0x00, 0x00,
    0x00, 0x8f, 0x50, 0x00, 0x00, 0x00, 0x8f, 0x50, 0x00, 0x00, 0x00, 0x8f, 0x50, 0x00, 0x00, 0x00,
    0x8f, 0x50, 0x00, 0x00, 0x00, 0x8f, 0x50, 0x00, 0x00, 0x00, 0x8f, 0x50, 0x00, 0x00, 0x00, 0x8f,
    0x50, 0x00, 0x00, 0x00, 0x8f, 0xdb, 0xbb, 0xbb, 0xb5, 0x8f, 0xff, 0xff, 0xff, 0xf6, 0x8f, 0xf7,
    0x00, 0x00, 0x00, 0x09, 0xff, 0x28, 0xff, 0xc0, 0x00, 0x00, 0x00, 0xdf, 0xf2, 0x8f, 0xdf, 0x20,
    0x00, 0x00, 0x3f, 0xef, 0x28, 0xf8, 0xf7, 0x00, 0x00, 0x08, 0xea, 0xf2, 0x8f, 0x5e, 0xb0, 0x00,
    0x00, 0xd9, 0xaf, 0x28, 0xf5, 0x9f, 0x10, 0x00, 0x3f, 0x4a, 0xf2, 0x8f, 0x54, 0xf6, 0x00, 0x08,
    0xe0, 0xaf, 0x28, 0xf5, 0x0e, 0xb0, 0x00, 0xd9, 0x0a, 0xf2, 0x8f, 0x50, 0xaf, 0x10, 0x3f, 0x40,
    0xaf, 0x28, 0xf5, 0x05, 0xf5, 0x08, 0xe0, 0x0a, 0xf2, 0x8f, 0x50, 0x1e, 0xa0, 0xca, 0x00, 0xaf,
    0x28, 0xf5, 0x00, 0xae, 0x2f, 0x50, 0x0a, 0xf2, 0x8f, 0x50, 0x05, 0xfb, 0xe0, 0x00, 0xaf, 0x28,
    0xf5, 0x00, 0x1f, 0xfa, 0x00, 0x0a, 0xf2, 0x8f, 0x50, 0x00, 0xbf, 0x50, 0x00, 0xaf, 0x20, 0x7f,
    0xc0, 0x00, 0x00, 0x00, 0xfc, 0x7f, 0xf6, 0x00, 0x00, 0x00, 0xfc, 0x7f, 0xfe, 0x20, 0x00, 0x00,
    0xfc, 0x7f, 0xcf, 0xa0, 0x00, 0x00, 0xfc, 0x7f, 0x5c, 0xf5, 0x00, 0x00, 0xfc, 0x7f, 0x53, 0xfe,
    0x10, 0x00, 0xfc, 0x7f, 0x50, 0x8f, 0x90, 0x00, 0xfc, 0x7f, 0x50, 0x1d, 0xf4, 0x00, 0xfc, 0x7f,
    0x50, 0x04, 0xfd, 0x00, 0xfc, 0x7f, 0x50, 0x00, 0xaf, 0x80, 0xfc, 0x7f, 0x50, 0x00, 0x1e, 0xf3,
    0xfc, 0x7f, 0x50, 0x00, 0x06, 0xfc, 0xfc, 0x7f, 0x50, 0x00, 0x00, 0xbf, 0xfc, 0x7f, 0x50, 0x00,
    0x00, 0x2e, 0xfc, 0x7f, 0x50, 0x00, 0x00, 0x07, 0xfc, 0x00, 0x00, 0x39, 0xdf, 0xec, 0x61, 0x00,
    0x00, 0x00, 0x7f, 0xfb, 0x89, 0xdf, 0xd3, 0x00, 0x00, 0x7f, 0xc2, 0x00, 0x00, 0x6f, 0xe2, 0x00,
    0x2f, 0xd1, 0x00, 0x00, 0x00, 0x6f, 0xa0, 0x08, 0xf7, 0x00, 0x00, 0x00, 0x00, 0xdf, 0x20, 0xcf,
    0x20, 0x00, 0x00, 0x00, 0x08, 0xf6, 0x0e, 0xf0, 0x00, 0x00, 0x00, 0x00, 0x6f, 0x80, 0xfe, 0x00,
    0x00, 0x00, 0x00, 0x05, 0xf9, 0x0e, 0xf0, 0x00, 0x00, 0x00, 0x00, 0x5f, 0x80, 0xcf, 0x20, 0x00,
    0x00, 0x00, 0x08, 0xf6, 0x08, 0xf7, 0x00, 0x00, 0x00, 0x00, 0xdf, 0x20, 0x2e, 0xe1, 0x00, 0x00,
    0x00, 0x6f, 0xb0, 0x00, 0x6f, 0xc2, 0x00, 0x00, 0x5f, 0xe2, 0x00, 0x00, 0x6f, 0xfa, 0x89, 0xcf,
    0xd3, 0x00, 0x00, 0x00, 0x29, 0xde, 0xec, 0x61, 0x00, 0x00, 0x7f, 0xff, 0xff, 0xfe, 0xb5, 0x00,
    0x7f, 0xdb, 0xbb, 0xbc, 0xff, 0x80, 0x7f, 0x70, 0x00, 0x00, 0x4f, 0xf2, 0x7f, 0x70, 0x00, 0x00,
    0x09, 0xf6, 0x7f, 0x70, 0x00, 0x00, 0x08, 0xf7, 0x7f, 0x70, 0x00, 0x00, 0x0b, 0xf5, 0x7f, 0x70,
    0x00, 0x02, 0x9f, 0xd0, 0x7f, 0xff, 0xff, 0xff, 0xfe, 0x40, 0x7f, 0xdb, 0xbb, 0xba, 0x71, 0x00,
    0x7f, 0x70, 0x00, 0x00, 0x00, 0x00, 0x7f, 0x70, 0x00, 0x00, 0x00, 0x00, 0x7f, 0x70, 0x00, 0x00,
    0x00, 0x00, 0x7f, 0x70, 0x00, 0x00, 0x00, 0x00, 0x7f, 0x70, 0x00, 0x00, 0x00, 0x00, 0x7f, 0x70,
    0x00, 0x00, 0x00, 0x00, 0x00, 0x00, 0x39, 0xde, 0xeb, 0x60, 0x00, 0x00, 0x00, 0x8f, 0xea, 0x89,
    0xdf, 0xc2, 0x00, 0x00, 0x8f, 0xb1, 0x00, 0x00, 0x7f, 0xd1, 0x00, 0x3f, 0xc0, 0x00, 0x00, 0x00,
    0x8f, 0x90, 0x09, 0xf5, 0x00, 0x00, 0x00, 0x01, 0xee, 0x10, 0xef, 0x10, 0x00, 0x00, 0x00, 0x0a,
    0xf5, 0x1f, 0xd0, 0x00, 0x00, 0x00, 0x00, 0x7f, 0x72, 0xfc, 0x00, 0x00, 0x00, 0x00, 0x06, 0xf8,
    0x1f, 0xd0, 0x00, 0x00, 0x00, 0x00, 0x7f, 0x70, 0xef, 0x10, 0x00, 0x00, 0x00, 0x09, 0xf5, 0x09,
    0xf5, 0x00, 0x00, 0x00, 0x00, 0xef, 0x10, 0x3f, 0xd0, 0x00, 0x1d, 0x81, 0x7f, 0x90, 0x00, 0x8f,
    0xb1, 0x00, 0x5e, 0xef, 0xd1, 0x00, 0x00, 0x8f, 0xea, 0x89, 0xdf, 0xfb, 0x10, 0x00, 0x00, 0x39,
    0xde, 0xeb, 0x65, 0xec, 0x30, 0x00, 0x00, 0x00, 0x00, 0x00, 0x02, 0x98, 0x6f, 0xff, 0xff, 0xfe,
    0xda, 0x30, 0x00, 0x6f, 0xb8, 0x88, 0x89, 0xcf, 0xe3, 0x00, 0x6f, 0x70, 0x00, 0x00, 0x08, 0xfa,
    0x00, 0x6f, 0x70, 0x00, 0x00, 0x01, 0xfe, 0x00, 0x6f, 0x70, 0x00, 0x00, 0x00, 0xfe, 0x00, 0x6f,
    0x70, 0x00, 0x00, 0x04, 0xfc, 0x00, 0x6f, 0x70, 0x00, 0x01, 0x5d, 0xf4, 0x00, 0x6f, 0xff, 0xff,
    0xff, 0xfe, 0x60, 0x00, 0x6f, 0xb8, 0x88, 0xdf, 0x90, 0x00, 0x00, 0x6f, 0x70, 0x00, 0x1c, 0xf8,
    0x00, 0x00, 0x6f, 0x70, 0x00, 0x02, 0xef, 0x50, 0x00, 0x6f, 0x70, 0x00, 0x00, 0x6f, 0xe1, 0x00,
    0x6f, 0x70, 0x00, 0x00, 0x0b, 0xf9, 0x00, 0x6f, 0x70, 0x00, 0x00, 0x02, 0xff, 0x40, 0x6f, 0x70,
    0x00, 0x00, 0x00, 0x8f, 0xd0, 0x00, 0x04, 0xae, 0xfe, 0xb6, 0x00, 0x00, 0x08, 0xff, 0xdc, 0xdf,
    0xfc, 0x10, 0x03, 0xfd, 0x30, 0x00, 0x2b, 0xf7, 0x00, 0x7f, 0x60, 0x00, 0x00, 0x2f, 0xb0, 0x07,
    0xf6, 0x00, 0x00, 0x00, 0x00, 0x00, 0x3f, 0xe6, 0x10, 0x00, 0x00, 0x00, 0x00, 0x6f, 0xff, 0xc9,
    0x51, 0x00, 0x00, 0x00, 0x28, 0xdf, 0xff, 0xe7, 0x00, 0x00, 0x00, 0x00, 0x25, 0xaf, 0xf8, 0x00,
    0x00, 0x00, 0x00, 0x00, 0x2e, 0xf1, 0x0d, 0xc0, 0x00, 0x00, 0x00, 0x9f, 0x40, 0xdf, 0x30, 0x00,
    0x00, 0x0a, 0xf2, 0x06, 0xfd, 0x40, 0x00, 0x07, 0xfc, 0x00, 0x09, 0xff, 0xec, 0xce, 0xfd, 0x20,
    0x00, 0x04, 0xad, 0xee, 0xc8, 0x10, 0x00, 0x8f, 0xff, 0xff, 0xff, 0xff, 0xfc, 0x6b, 0xbb, 0xbe,
    0xfc, 0xbb, 0xb9, 0x00, 0x00, 0x0c, 0xf1, 0x00, 0x00, 0x00, 0x00, 0x0c, 0xf1, 0x00, 0x00, 0x00,
    0x00, 0x0c, 0xf1, 0x00, 0x00, 0x00, 0x00, 0x0c, 0xf1, 0x00, 0x00, 0x00, 0x00, 0x0c, 0xf1, 0x00,
    0x00, 0x00, 0x00, 0x0c, 0xf1, 0x00, 0x00, 0x00, 0x00, 0x0c, 0xf1, 0x00, 0x00, 0x00, 0x00, 0x0c,
    0xf1, 0x00, 0x00, 0x00, 0x00, 0x0c, 0xf1, 0x00, 0x00, 0x00, 0x00, 0x0c, 0xf1, 0x00, 0x00, 0x00,
    0x00, 0x0c, 0xf1, 0x00, 0x00, 0x00, 0x00, 0x0c, 0xf1, 0x00, 0x00, 0x00, 0x00, 0x0c, 0xf1, 0x00,
    0x00, 0x6f, 0x70, 0x00, 0x00, 0x01, 0xfc, 0x6f, 0x70, 0x00, 0x00, 0x01, 0xfc, 0x6f, 0x70, 0x00,
    0x00, 0x01, 0xfc, 0x6f, 0x70, 0x00, 0x00, 0x01, 0xfc, 0x6f, 0x70, 0x00, 0x00, 0x01, 0xfc, 0x6f,
    0x70, 0x00, 0x00, 0x01, 0xfc, 0x6f, 0x70, 0x00, 0x00, 0x01, 0xfc, 0x6f, 0x70, 0x00, 0x00, 0x01,
    0xfc, 0x6f, 0x70, 0x00, 0x00, 0x01, 0xfc, 0x5f, 0x80, 0x00, 0x00, 0x02, 0xfc, 0x4f, 0x90, 0x00,
    0x00, 0x04, 0xfa, 0x1f, 0xd0, 0x00, 0x00, 0x08, 0xf7, 0x0a, 0xfa, 0x10, 0x00, 0x5e, 0xf2, 0x02,
    0xdf, 0xfc, 0xce, 0xff, 0x60, 0x00, 0x18, 0xce, 0xfd, 0xa3, 0x00, 0xbf, 0x50, 0x00, 0x00, 0x00,
    0x0e, 0xe1, 0x5f, 0xa0, 0x00, 0x00, 0x00, 0x4f, 0x90, 0x1e, 0xe1, 0x00, 0x00, 0x00, 0xaf, 0x40,
    0x09, 0xf5, 0x00, 0x00, 0x01, 0xed, 0x00, 0x04, 0xfa, 0x00, 0x00, 0x05, 0xf8, 0x00, 0x00, 0xde,
    0x10, 0x00, 0x0a, 0xf2, 0x00, 0x00, 0x8f, 0x50, 0x00, 0x1f, 0xb0, 0x00, 0x00, 0x2f, 0xa0, 0x00,
    0x6f, 0x60, 0x00, 0x00, 0x0c, 0xf1, 0x00, 0xbe, 0x10, 0x00, 0x00, 0x06, 0xf5, 0x02, 0xfa, 0x00,
    0x00, 0x00, 0x01, 0xfb, 0x07, 0xf4, 0x00, 0x00, 0x00, 0x00, 0xaf, 0x1c, 0xd0, 0x00, 0x00, 0x00,
    0x00, 0x4f, 0x6f, 0x80, 0x00, 0x00, 0x00, 0x00, 0x0e, 0xef, 0x20, 0x00, 0x00, 0x00, 0x00, 0x08,
    0xfb, 0x00, 0x00, 0x00, 0x9f, 0x40, 0x00, 0x00, 0xcf, 0xb0, 0x00, 0x00, 0x6f, 0x86, 0xf8, 0x00,
    0x00, 0x1f, 0xff, 0x10, 0x00, 0x09, 0xf4, 0x2f, 0xb0, 0x00, 0x05, 0xf9, 0xf4, 0x00, 0x00, 0xcf,
    0x00, 0xde, 0x00, 0x00, 0x9f, 0x2f, 0x80, 0x00, 0x1f, 0xb0, 0x09, 0xf3, 0x00, 0x0d, 0xb0, 0xdc,
    0x00, 0x04, 0xf7, 0x00, 0x5f, 0x60, 0x02, 0xf7, 0x09, 0xf1, 0x00, 0x8f, 0x30, 0x02, 0xf9, 0x00,
    0x6f, 0x30, 0x5f, 0x50, 0x0b, 0xe0, 0x00, 0x0d, 0xc0, 0x0a, 0xe0, 0x01, 0xf9, 0x00, 0xea, 0x00,
    0x00, 0x9f, 0x10, 0xea, 0x00, 0x0c, 0xd0, 0x3f, 0x60, 0x00, 0x05, 0xf4, 0x3f, 0x60, 0x00, 0x8f,
    0x27, 0xf3, 0x00, 0x00, 0x1f, 0x77, 0xf2, 0x00, 0x04, 0xf5, 0xae, 0x00, 0x00, 0x00, 0xda, 0xae,
    0x00, 0x00, 0x1f, 0x8e, 0xa0, 0x00, 0x00, 0x09, 0xde, 0xa0, 0x00, 0x00, 0xbc, 0xf6, 0x00, 0x00,
    0x00, 0x5f, 0xf6, 0x00, 0x00, 0x07, 0xff, 0x20, 0x00, 0x00, 0x01, 0xff, 0x20, 0x00, 0x00, 0x3f,
    0xd0, 0x00, 0x00, 0x1d, 0xf5, 0x00, 0x00, 0x00, 0x9f, 0x70, 0x04, 0xfe, 0x20, 0x00, 0x06, 0xfb,
    0x00, 0x00, 0x8f, 0xb0, 0x00, 0x3e, 0xe2, 0x00, 0x00, 0x0d, 0xf7, 0x01, 0xdf, 0x50, 0x00, 0x00,
    0x03, 0xff, 0x39, 0xf9, 0x00, 0x00, 0x00, 0x00, 0x8f, 0xdf, 0xd1, 0x00, 0x00, 0x00, 0x00, 0x0c,
    0xff, 0x30, 0x00, 0x00, 0x00, 0x00, 0x09, 0xfe, 0x20, 0x00, 0x00, 0x00, 0x00, 0x5f, 0xff, 0xc0,
    0x00, 0x00, 0x00, 0x01, 0xef, 0x5e, 0xf7, 0x00, 0x00, 0x00, 0x0b, 0xf9, 0x05, 0xff, 0x30, 0x00,
    0x00, 0x6f, 0xd1, 0x00, 0x9f, 0xc0, 0x00, 0x03, 0xff, 0x30, 0x00, 0x1d, 0xf8, 0x00, 0x0c, 0xf7,
    0x00, 0x00, 0x03, 0xff, 0x30, 0x8f, 0xb0, 0x00, 0x00, 0x00, 0x7f, 0xd0, 0xaf, 0xa0, 0x00, 0x00,
    0x00, 0x5f, 0xd0, 0x1e, 0xf4, 0x00, 0x00, 0x00, 0xdf, 0x40, 0x06, 0xfc, 0x00, 0x00, 0x08, 0xf9,
    0x00, 0x00, 0xcf, 0x60, 0x00, 0x2e, 0xe1, 0x00, 0x00, 0x3f, 0xe1, 0x00, 0xaf, 0x50, 0x00, 0x00,
    0x09, 0xf8, 0x04, 0xfa, 0x00, 0x00, 0x00, 0x01, 0xef, 0x2c, 0xe2, 0x00, 0x00, 0x00, 0x00, 0x5f,
    0xdf, 0x60, 0x00, 0x00, 0x00, 0x00, 0x0b, 0xfc, 0x00, 0x00, 0x00, 0x00, 0x00, 0x06, 0xf7, 0x00,
    0x00, 0x00, 0x00, 0x00, 0x06, 0xf7, 0x00, 0x00, 0x00, 0x00, 0x00, 0x06, 0xf7, 0x00, 0x00, 0x00,
    0x00, 0x00, 0x06, 0xf7, 0x00, 0x00, 0x00, 0x00, 0x00, 0x06, 0xf7, 0x00, 0x00, 0x00, 0x00, 0x00,
    0x06, 0xf7, 0x00, 0x00, 0x00, 0x0c, 0xff, 0xff, 0xff, 0xff, 0xf7, 0x09, 0xbb, 0xbb, 0xbb, 0xbf,
    0xf7, 0x00, 0x00, 0x00, 0x00, 0x6f, 0xd1, 0x00, 0x00, 0x00, 0x04, 0xfe, 0x30, 0x00, 0x00, 0x00,
    0x1e, 0xf6, 0x00, 0x00, 0x00, 0x00, 0xbf, 0x90, 0x00, 0x00, 0x00, 0x08, 0xfc, 0x00, 0x00, 0x00,
    0x00, 0x4f, 0xe2, 0x00, 0x00, 0x00, 0x02, 0xef, 0x40, 0x00, 0x00, 0x00, 0x0c, 0xf8, 0x00, 0x00,
    0x00, 0x00, 0x8f, 0xb0, 0x00, 0x00, 0x00, 0x05, 0xfd, 0x10, 0x00, 0x00, 0x00, 0x2e, 0xf3, 0x00,
    0x00, 0x00, 0x00, 0x9f, 0xeb, 0xbb, 0xbb, 0xbb, 0xb8, 0x9f, 0xff, 0xff, 0xff, 0xff, 0xfb, 0xaf,
    0xff, 0x4a, 0xf8, 0x82, 0xaf, 0x20, 0x0a, 0xf2, 0x00, 0xaf, 0x20, 0x0a, 0xf2, 0x00, 0xaf, 0x20,
    0x0a, 0xf2, 0x00, 0xaf, 0x20, 0x0a, 0xf2, 0x00, 0xaf, 0x20, 0x0a, 0xf2, 0x00, 0xaf, 0x20, 0x0a,
    0xf2, 0x00, 0xaf, 0x20, 0x0a, 0xf2, 0x00, 0xaf, 0x20, 0x0a, 0xf8, 0x82, 0xaf, 0xff, 0x40, 0xd8,
    0x00, 0x00, 0x9d, 0x00, 0x00, 0x5f, 0x20, 0x00, 0x1f, 0x60, 0x00, 0x0b, 0xa0, 0x00, 0x07, 0xe0,
    0x00, 0x03, 0xf3, 0x00, 0x00, 0xe7, 0x00, 0x00, 0xac, 0x00, 0x00, 0x6f, 0x10, 0x00, 0x1f, 0x50,
    0x00, 0x0c, 0x90, 0x00, 0x08, 0xd0, 0x00, 0x04, 0xf2, 0x00, 0x00, 0xe6, 0x9f, 0xff, 0x45, 0x8b,
    0xf4, 0x00, 0x8f, 0x40, 0x08, 0xf4, 0x00, 0x8f, 0x40, 0x08, 0xf4, 0x00, 0x8f, 0x40, 0x08, 0xf4,
    0x00, 0x8f, 0x40, 0x08, 0xf4, 0x00, 0x8f, 0x40, 0x08, 0xf4, 0x00, 0x8f, 0x40, 0x08, 0xf4, 0x00,
    0x8f, 0x40, 0x08, 0xf4, 0x00, 0x8f, 0x45, 0x8b, 0xf4, 0x9f, 0xff, 0x40, 0x00, 0x04, 0xf9, 0x00,
    0x00, 0x00, 0xaf, 0xe1, 0x00, 0x00, 0x2f, 0x9f, 0x70, 0x00, 0x08, 0xf1, 0xbd, 0x00, 0x01, 0xea,
    0x05, 0xf5, 0x00, 0x6f, 0x50, 0x0e, 0xc0, 0x0c, 0xd0, 0x00, 0x8f, 0x34, 0xf8, 0x00, 0x02, 0xfa,
    0x4f, 0xff, 0xff, 0xff, 0xff, 0xff, 0x51, 0x44, 0x44, 0x44, 0x44, 0x44, 0x41, 0x0b, 0xf7, 0x00,
    0x1e, 0xd0, 0x00, 0x4f, 0x50, 0x00, 0x4a, 0xef, 0xeb, 0x50, 0x00, 0x6f, 0xd9, 0x8a, 0xff, 0x40,
    0x0b, 0xe1, 0x00, 0x05, 0xf9, 0x00, 0x00, 0x00, 0x00, 0x1f, 0xb0, 0x00, 0x02, 0x47, 0x9d, 0xfb,
    0x00, 0x2b, 0xff, 0xfd, 0xaf, 0xb0, 0x0c, 0xf8, 0x30, 0x01, 0xfb, 0x03, 0xfb, 0x00, 0x00, 0x4f,
    0xb0, 0x3f, 0xc0, 0x00, 0x1c, 0xfb, 0x00, 0xcf, 0xc8, 0x9e, 0xde, 0xc0, 0x02, 0x9d, 0xfd, 0x71,
    0xaf, 0x20, 0xaf, 0x10, 0x00, 0x00, 0x00, 0xaf, 0x10, 0x00, 0x00, 0x00, 0xaf, 0x10, 0x00, 0x00,
    0x00, 0xaf, 0x10, 0x00, 0x00, 0x00, 0xaf, 0x3a, 0xee, 0xa2, 0x00, 0xaf, 0xed, 0x8a, 0xfe, 0x20,
    0xaf, 0xc1, 0x00, 0x6f, 0xa0, 0xaf, 0x40, 0x00, 0x0c, 0xf1, 0xaf, 0x10, 0x00, 0x09, 0xf3, 0xae,
    0x00, 0x00, 0x08, 0xf4, 0xaf, 0x00, 0x00, 0x09, 0xf3, 0xaf, 0x30, 0x00, 0x0d, 0xf1, 0xaf, 0xa0,
    0x00, 0x7f, 0xa0, 0xaf, 0xdc, 0x8b, 0xfd, 0x10, 0xae, 0x2b, 0xee, 0x91, 0x00, 0x00, 0x18, 0xde,
    0xd7, 0x00, 0x01, 0xdf, 0xb8, 0xbf, 0xa0, 0x09, 0xf7, 0x00, 0x0a, 0xf4, 0x0e, 0xd0, 0x00, 0x03,
    0xe6, 0x2f, 0xa0, 0x00, 0x00, 0x00, 0x3f, 0x90, 0x00, 0x00, 0x00, 0x2f, 0xa0, 0x00, 0x00, 0x00,
    0x0e, 0xd0, 0x00, 0x01, 0xe9, 0x09, 0xf6, 0x00, 0x08, 0xf6, 0x01, 0xdf, 0xb8, 0xbf, 0xb0, 0x00,
    0x19, 0xdf, 0xd7, 0x10, 0x00, 0x00, 0x00, 0x01, 0xfa, 0x00, 0x00, 0x00, 0x01, 0xfa, 0x00, 0x00,
    0x00, 0x01, 0xfa, 0x00, 0x00, 0x00, 0x01, 0xfa, 0x00, 0x2a, 0xee, 0x92, 0xfa, 0x02, 0xef, 0xa9,
    0xdb, 0xfa, 0x0a, 0xf5, 0x00, 0x1c, 0xfa, 0x1f, 0xb0, 0x00, 0x04, 0xfa, 0x3f, 0x80, 0x00, 0x00,
    0xfa, 0x4f, 0x70, 0x00, 0x00, 0xea, 0x3f, 0x80, 0x00, 0x00, 0xfa, 0x1f, 0xc0, 0x00, 0x03, 0xfa,
    0x0a, 0xf6, 0x00, 0x1b, 0xfa, 0x01, 0xdf, 0xb8, 0xdf, 0xfa, 0x00, 0x29, 0xef, 0xc4, 0xea, 0x00,
    0x18, 0xdf, 0xd9, 0x10, 0x00, 0x1d, 0xfb, 0x8a, 0xfd, 0x10, 0x09, 0xf7, 0x00, 0x04, 0xfa, 0x00,
    0xed, 0x00, 0x00, 0x0c, 0xf1, 0x3f, 0xd8, 0x88, 0x88, 0xcf, 0x34, 0xff, 0xff, 0xff, 0xff, 0xf4,
    0x3f, 0xa0, 0x00, 0x00, 0x00, 0x01, 0xfd, 0x00, 0x00, 0x0c, 0xd1, 0x0a, 0xf8, 0x00, 0x05, 0xfb,
    0x00, 0x1d, 0xfc, 0x8a, 0xfe, 0x20, 0x00, 0x18, 0xdf, 0xda, 0x20, 0x00, 0x00, 0x5d, 0xfe, 0x20,
    0x1f, 0xe9, 0x80, 0x04, 0xf8, 0x00, 0x00, 0x4f, 0x70, 0x00, 0xcf, 0xff, 0xf8, 0x06, 0xaf, 0xb8,
    0x40, 0x04, 0xf7, 0x00, 0x00, 0x4f, 0x70, 0x00, 0x04, 0xf7, 0x00, 0x00, 0x4f, 0x70, 0x00, 0x04,
    0xf7, 0x00, 0x00, 0x4f, 0x70, 0x00, 0x04, 0xf7, 0x00, 0x00, 0x4f, 0x70, 0x00, 0x04, 0xf7, 0x00,
    0x00, 0x00, 0x2a, 0xee, 0xb3, 0xcc, 0x02, 0xef, 0xa8, 0xde, 0xec, 0x0a, 0xf5, 0x00, 0x0b, 0xfc,
    0x1f, 0xc0, 0x00, 0x03, 0xfc, 0x4f, 0x80, 0x00, 0x00, 0xfc, 0x5f, 0x70, 0x00, 0x00, 0xdc, 0x4f,
    0x80, 0x00, 0x00, 0xec, 0x1f, 0xb0, 0x00, 0x02, 0xfc, 0x0b, 0xf5, 0x00, 0x0b, 0xfc, 0x02, 0xef,
    0xa8, 0xde, 0xfc, 0x00, 0x2a, 0xee, 0xb2, 0xfb, 0x00, 0x00, 0x00, 0x01, 0xf9, 0x0d, 0xb0, 0x00,
    0x08, 0xf5, 0x09, 0xfc, 0x88, 0xbf, 0xb0, 0x00, 0x6c, 0xee, 0xc7, 0x00, 0xaf, 0x10, 0x00, 0x00,
    0x0a, 0xf1, 0x00, 0x00, 0x00, 0xaf, 0x10, 0x00, 0x00, 0x0a, 0xf1, 0x00, 0x00, 0x00, 0xaf, 0x39,
    0xee, 0xc4, 0x0a, 0xfe, 0xd8, 0x9f, 0xf3, 0xaf, 0xb0, 0x00, 0x6f, 0x9a, 0xf4, 0x00, 0x01, 0xfb,
    0xaf, 0x20, 0x00, 0x0f, 0xba, 0xf1, 0x00, 0x00, 0xfc, 0xaf, 0x10, 0x00, 0x0f, 0xca, 0xf1, 0x00,
    0x00, 0xfc, 0xaf, 0x10, 0x00, 0x0f, 0xca, 0xf1, 0x00, 0x00, 0xfc, 0xaf, 0x10, 0x00, 0x0f, 0xc0,
    0xaf, 0x1a, 0xf1, 0x00, 0x00, 0x00, 0xaf, 0x1a, 0xf1, 0xaf, 0x1a, 0xf1, 0xaf, 0x1a, 0xf1, 0xaf,
    0x1a, 0xf1, 0xaf, 0x1a, 0xf1, 0xaf, 0x10, 0x00, 0xaf, 0x10, 0x0a, 0xf1, 0x00, 0x00, 0x00, 0x00,
    0x00, 0x00, 0xaf, 0x10, 0x0a, 0xf1, 0x00, 0xaf, 0x10, 0x0a, 0xf1, 0x00, 0xaf, 0x10, 0x0a, 0xf1,
    0x00, 0xaf, 0x10, 0x0a, 0xf1, 0x00, 0xaf, 0x10, 0x0a, 0xf1, 0x00, 0xaf, 0x10, 0x0a, 0xf1, 0x00,
    0xcf, 0x06, 0x9f, 0xc0, 0xbe, 0xc2, 0x00, 0xaf, 0x10, 0x00, 0x00, 0x0a, 0xf1, 0x00, 0x00, 0x00,
    0xaf, 0x10, 0x00, 0x00, 0x0a, 0xf1, 0x00, 0x00, 0x00, 0xaf, 0x10, 0x04, 0xfd, 0x2a, 0xf1, 0x03,
    0xee, 0x20, 0xaf, 0x12, 0xee, 0x30, 0x0a, 0xf3, 0xde, 0x30, 0x00, 0xaf, 0xdf, 0xc0, 0x00, 0x0a,
    0xfe, 0xbf, 0x70, 0x00, 0xaf, 0x41, 0xee, 0x20, 0x0a, 0xf1, 0x06, 0xfb, 0x00, 0xaf, 0x10, 0x0c,
    0xf5, 0x0a, 0xf1, 0x00, 0x3f, 0xe1, 0xaf, 0x10, 0x00, 0x8f, 0x90, 0xbf, 0x0b, 0xf0, 0xbf, 0x0b,
    0xf0, 0xbf, 0x0b, 0xf0, 0xbf, 0x0b, 0xf0, 0xbf, 0x0b, 0xf0, 0xbf, 0x0b, 0xf0, 0xbf, 0x0b, 0xf0,
    0xbf, 0x00, 0xad, 0x2a, 0xee, 0xb2, 0x19, 0xee, 0xb2, 0x0a, 0xed, 0xc8, 0xbf, 0xcb, 0xd8, 0xaf,
    0xd0, 0xaf, 0xb0, 0x00, 0xcf, 0xc1, 0x00, 0x9f, 0x3a, 0xf4, 0x00, 0x08, 0xf6, 0x00, 0x06, 0xf5,
    0xaf, 0x20, 0x00, 0x8f, 0x40, 0x00, 0x6f, 0x6a, 0xf1, 0x00, 0x08, 0xf4, 0x00, 0x06, 0xf6, 0xaf,
    0x10, 0x00, 0x8f, 0x40, 0x00, 0x6f, 0x6a, 0xf1, 0x00, 0x08, 0xf4, 0x00, 0x06, 0xf6, 0xaf, 0x10,
    0x00, 0x8f, 0x40, 0x00, 0x6f, 0x6a, 0xf1, 0x00, 0x08, 0xf4, 0x00, 0x06, 0xf6, 0xaf, 0x10, 0x00,
    0x8f, 0x40, 0x00, 0x6f, 0x60, 0xae, 0x19, 0xee, 0xc4, 0x0a, 0xed, 0xd8, 0x9f, 0xf3, 0xaf, 0xb0,
    0x00, 0x6f, 0x9a, 0xf4, 0x00, 0x01, 0xfb, 0xaf, 0x20, 0x00, 0x0f, 0xba, 0xf1, 0x00, 0x00, 0xfb,
    0xaf, 0x10, 0x00, 0x0f, 0xba, 0xf1, 0x00, 0x00, 0xfb, 0xaf, 0x10, 0x00, 0x0f, 0xba, 0xf1, 0x00,
    0x00, 0xfb, 0xaf, 0x10, 0x00, 0x0f, 0xb0, 0x00, 0x19, 0xdf, 0xd9, 0x20, 0x00, 0x2d, 0xfb, 0x8b,
    0xfe, 0x20, 0x0b, 0xf6, 0x00, 0x06, 0xfb, 0x01, 0xfc, 0x00, 0x00, 0x0c, 0xf2, 0x4f, 0x80, 0x00,
    0x00, 0x8f, 0x55, 0xf7, 0x00, 0x00, 0x07, 0xf5, 0x4f, 0x90, 0x00, 0x00, 0x8f, 0x41, 0xfc, 0x00,
    0x00, 0x0b, 0xf2, 0x0b, 0xf6, 0x00, 0x06, 0xfb, 0x00, 0x2e, 0xfb, 0x8b, 0xfe, 0x20, 0x00, 0x29,
    0xdf, 0xd9, 0x10, 0x00, 0xae, 0x2a, 0xee, 0xa2, 0x00, 0xae, 0xdd, 0x8a, 0xfe, 0x20, 0xaf, 0xc1,
    0x00, 0x6f, 0xa0, 0xaf, 0x40, 0x00, 0x0c, 0xf1, 0xaf, 0x10, 0x00, 0x09, 0xf4, 0xae, 0x00, 0x00,
    0x07, 0xf5, 0xae, 0x00, 0x00, 0x08, 0xf3, 0xaf, 0x30, 0x00, 0x0c, 0xf1, 0xaf, 0xb0, 0x00, 0x6f,
    0x90, 0xaf, 0xed, 0x8a, 0xfd, 0x10, 0xaf, 0x3b, 0xed, 0x91, 0x00, 0xaf, 0x10, 0x00, 0x00, 0x00,
    0xaf, 0x10, 0x00, 0x00, 0x00, 0xaf, 0x10, 0x00, 0x00, 0x00, 0xaf, 0x10, 0x00, 0x00, 0x00, 0x00,
    0x2a, 0xee, 0xa2, 0xda, 0x02, 0xef, 0xa8, 0xdd, 0xea, 0x0b, 0xf5, 0x00, 0x1c, 0xfa, 0x1f, 0xc0,
    0x00, 0x04, 0xfa, 0x3f, 0x90, 0x00, 0x00, 0xfa, 0x4f, 0x80, 0x00, 0x00, 0xea, 0x3f, 0xa0, 0x00,
    0x00, 0xfa, 0x1f, 0xd0, 0x00, 0x03, 0xfa, 0x09, 0xf7, 0x00, 0x0b, 0xfa, 0x01, 0xdf, 0xb8, 0xde,
    0xfa, 0x00, 0x19, 0xee, 0xb3, 0xfa, 0x00, 0x00, 0x00, 0x01, 0xfa, 0x00, 0x00, 0x00, 0x01, 0xfa,
    0x00, 0x00, 0x00, 0x01, 0xfa, 0x00, 0x00, 0x00, 0x01, 0xfa, 0xbd, 0x4d, 0xe9, 0xbe, 0xea, 0x97,
    0xbf, 0x80, 0x00, 0xbf, 0x30, 0x00, 0xbf, 0x10, 0x00, 0xbf, 0x10, 0x00, 0xbf, 0x10, 0x00, 0xbf,
    0x10, 0x00, 0xbf, 0x10, 0x00, 0xbf, 0x10, 0x00, 0xbf, 0x10, 0x00, 0x00, 0x7c, 0xee, 0xb5, 0x00,
    0x08, 0xfb, 0x89, 0xef, 0x50, 0x1f, 0xb0, 0x00, 0x2e, 0x90, 0x1f, 0xd2, 0x00, 0x00, 0x00, 0x09,
    0xff, 0xb7, 0x30, 0x00, 0x00, 0x7d, 0xff, 0xfc, 0x30, 0x00, 0x00, 0x26, 0xbf, 0xe1, 0x3d, 0x70,
    0x00, 0x0a, 0xf3, 0x1f, 0xd1, 0x00, 0x0c, 0xf1, 0x07, 0xfd, 0x98, 0xcf, 0x80, 0x00, 0x5c, 0xee,
    0xc6, 0x00, 0x00, 0x65, 0x00, 0x05, 0xf6, 0x00, 0x05, 0xf6, 0x00, 0x05, 0xf6, 0x00, 0xaf, 0xff,
    0xf2, 0x5a, 0xfa, 0x81, 0x05, 0xf6, 0x00, 0x05, 0xf6, 0x00, 0x05, 0xf6, 0x00, 0x05, 0xf6, 0x00,
    0x05, 0xf6, 0x00, 0x05, 0xf6, 0x00, 0x05, 0xf6, 0x00, 0x03, 0xfd, 0x81, 0x00, 0x8e, 0xf5, 0xbf,
    0x00, 0x00, 0x1f, 0xab, 0xf0, 0x00, 0x01, 0xfa, 0xbf, 0x00, 0x00, 0x1f, 0xab, 0xf0, 0x00, 0x01,
    0xfa, 0xbf, 0x00, 0x00, 0x1f, 0xab, 0xf0, 0x00, 0x01, 0xfa, 0xbf, 0x10, 0x00, 0x2f, 0xaa, 0xf1,
    0x00, 0x04, 0xfa, 0x8f, 0x60, 0x00, 0xbf, 0xa3, 0xff, 0x98, 0xdd, 0xea, 0x04, 0xce, 0xe9, 0x1d,
    0xa0, 0x9f, 0x40, 0x00, 0x03, 0xf9, 0x3f, 0x90, 0x00, 0x08, 0xf3, 0x0d, 0xe0, 0x00, 0x0d, 0xd0,
    0x07, 0xf4, 0x00, 0x3f, 0x80, 0x02, 0xf9, 0x00, 0x9f, 0x20, 0x00, 0xce, 0x00, 0xdc, 0x00, 0x00,
    0x6f, 0x44, 0xf7, 0x00, 0x00, 0x1f, 0x99, 0xf2, 0x00, 0x00, 0x0b, 0xdd, 0xb0, 0x00, 0x00, 0x05,
    0xff, 0x60, 0x00, 0x00, 0x00, 0xef, 0x10, 0x00, 0xcf, 0x00, 0x00, 0xcf, 0x40, 0x00, 0x8f, 0x28,
    0xf4, 0x00, 0x1f, 0xf7, 0x00, 0x0c, 0xd0, 0x3f, 0x80, 0x04, 0xfe, 0xb0, 0x01, 0xf8, 0x00, 0xeb,
    0x00, 0x8e, 0xae, 0x00, 0x5f, 0x40, 0x0a, 0xf1, 0x0c, 0xa7, 0xf3, 0x0a, 0xe0, 0x00, 0x5f, 0x41,
    0xf6, 0x4f, 0x60, 0xea, 0x00, 0x01, 0xf8, 0x4f, 0x30, 0xea, 0x3f, 0x60, 0x00, 0x0c, 0xc8, 0xe0,
    0x0b, 0xe7, 0xf1, 0x00, 0x00, 0x7f, 0xda, 0x00, 0x7f, 0xec, 0x00, 0x00, 0x03, 0xff, 0x70, 0x03,
    0xff, 0x70, 0x00, 0x00, 0x0e, 0xf3, 0x00, 0x0e, 0xf3, 0x00, 0x00, 0x4f, 0xd1, 0x00, 0x0c, 0xf4,
    0x09, 0xf8, 0x00, 0x8f, 0x80, 0x01, 0xdf, 0x33, 0xfc, 0x00, 0x00, 0x4f, 0xbd, 0xf3, 0x00, 0x00,
    0x09, 0xff, 0x70, 0x00, 0x00, 0x04, 0xff, 0x40, 0x00, 0x00, 0x0d, 0xee, 0xd0, 0x00, 0x00, 0x8f,
    0x77, 0xf8, 0x00, 0x03, 0xfc, 0x00, 0xdf, 0x30, 0x0d, 0xf3, 0x00, 0x4f, 0xd0, 0x8f, 0x90, 0x00,
    0x09, 0xf8, 0x7f, 0x60, 0x00, 0x02, 0xfa, 0x2f, 0xb0, 0x00, 0x07, 0xf4, 0x0c, 0xf1, 0x00, 0x0c,
    0xe0, 0x06, 0xf6, 0x00, 0x2f, 0x80, 0x01, 0xfb, 0x00, 0x7f, 0x30, 0x00, 0xbf, 0x10, 0xcc, 0x00,
    0x00, 0x5f, 0x62, 0xf7, 0x00, 0x00, 0x1e, 0xa7, 0xf2, 0x00, 0x00, 0x09, 0xeb, 0xb0, 0x00, 0x00,
    0x04, 0xff, 0x50, 0x00, 0x00, 0x00, 0xee, 0x10, 0x00, 0x00, 0x00, 0xea, 0x00, 0x00, 0x00, 0x07,
    0xf4, 0x00, 0x00, 0x0b, 0xdf, 0xb0, 0x00, 0x00, 0x0a, 0xeb, 0x10, 0x00, 0x00, 0x3f, 0xff, 0xff,
    0xff, 0xf4, 0x28, 0x88, 0x87, 0x9f, 0xe1, 0x00, 0x00, 0x01, 0xcf, 0x40, 0x00, 0x00, 0x0a, 0xf6,
    0x00, 0x00, 0x00, 0x7f, 0xa0, 0x00, 0x00, 0x04, 0xfc, 0x10, 0x00, 0x00, 0x2e, 0xe2, 0x00, 0x00,
    0x01, 0xdf, 0x40, 0x00, 0x00, 0x0b, 0xf7, 0x00, 0x00, 0x00, 0x7f, 0xd7, 0x78, 0x88, 0x84, 0x9f,
    0xff, 0xff, 0xff, 0xf9, 0x00, 0x05, 0xdf, 0x30, 0x02, 0xff, 0xf3, 0x00, 0x5f, 0x81, 0x00, 0x06,
    0xf4, 0x00, 0x00, 0x6f, 0x30, 0x00, 0x07, 0xf3, 0x00, 0x00, 0x9f, 0x20, 0x00, 0x4e, 0xd0, 0x00,
    0x7f, 0xc3, 0x00, 0x07, 0xfc, 0x20, 0x00, 0x04, 0xfb, 0x00, 0x00, 0x0a, 0xf1, 0x00, 0x00, 0x7f,
    0x30, 0x00, 0x07, 0xf3, 0x00, 0x00, 0x6f, 0x40, 0x00, 0x06, 0xf4, 0x00, 0x00, 0x5f, 0x91, 0x00,
    0x01, 0xff, 0xf3, 0x00, 0x05, 0xdf, 0x30, 0x2f, 0x62, 0xf6, 0x2f, 0x62, 0xf6, 0x2f, 0x62, 0xf6,
    0x2f, 0x62, 0xf6, 0x2f, 0x62, 0xf6, 0x2f, 0x62, 0xf6, 0x2f, 0x62, 0xf6, 0x2f, 0x62, 0xf6, 0x2f,
    0x62, 0xf6, 0x2f, 0x60, 0x8f, 0xc2, 0x00, 0x08, 0xff, 0xc0, 0x00, 0x01, 0xcf, 0x00, 0x00, 0x09,
    0xf1, 0x00, 0x00, 0x9f, 0x10, 0x00, 0x08, 0xf2, 0x00, 0x00, 0x7f, 0x40, 0x00, 0x03, 0xfb, 0x20,
    0x00, 0x05, 0xef, 0x20, 0x00, 0x5e, 0xf2, 0x00, 0x2f, 0xc2, 0x00, 0x06, 0xf5, 0x00, 0x00, 0x8f,
    0x20, 0x00, 0x08, 0xf2, 0x00, 0x00, 0x8f, 0x10, 0x00, 0x09, 0xf1, 0x00, 0x02, 0xdf, 0x00, 0x08,
    0xff, 0xa0, 0x00, 0x8f, 0xb2, 0x00, 0x00, 0x06, 0xce, 0xda, 0x62, 0x04, 0xa2, 0xff, 0xff, 0xff,
    0xff, 0xfd, 0x29, 0x21, 0x37, 0xce, 0xeb, 0x40, 0x00, 0x00, 0x4f, 0xe0, 0x00, 0x00, 0x00, 0x00,
    0x00, 0x08, 0xf6, 0x00, 0x00, 0x00, 0x00, 0x00, 0x00, 0xbc, 0x00, 0x00, 0x00, 0x00, 0x00, 0x00,
    0x00, 0x00, 0x00, 0x00, 0x00, 0x00, 0x0b, 0xfb, 0x00, 0x00, 0x00, 0x00, 0x00, 0x1f, 0xef, 0x20,
    0x00, 0x00, 0x00, 0x00, 0x7f, 0x7f, 0x70, 0x00, 0x00, 0x00, 0x00, 0xce, 0x0e, 0xd0, 0x00, 0x00,
    0x00, 0x03, 0xfa, 0x09, 0xf4, 0x00, 0x00, 0x00, 0x08, 0xf5, 0x04, 0xfa, 0x00, 0x00, 0x00, 0x0e,
    0xe0, 0x00, 0xef, 0x10, 0x00, 0x00, 0x4f, 0x90, 0x00, 0x9f, 0x70, 0x00, 0x00, 0xaf, 0x40, 0x00,
    0x3f, 0xd0, 0x00, 0x01, 0xef, 0xff, 0xff, 0xff, 0xf3, 0x00, 0x06, 0xfb, 0x88, 0x88, 0x8a, 0xf9,
    0x00, 0x0b, 0xf3, 0x00, 0x00, 0x01, 0xfe, 0x10, 0x2f, 0xd0, 0x00, 0x00, 0x00, 0xbf, 0x60, 0x7f,
    0x80, 0x00, 0x00, 0x00, 0x5f, 0xc0, 0xdf, 0x20, 0x00, 0x00, 0x00, 0x0e, 0xf3, 0x00, 0x00, 0x00,
    0xaf, 0x80, 0x00, 0x00, 0x00, 0x00, 0x01, 0xfc, 0x00, 0x00, 0x00, 0x00, 0x00, 0x08, 0xe2, 0x00,
    0x00, 0x00, 0x00, 0x00, 0x00, 0x00, 0x00, 0x00, 0x00, 0x00, 0x00, 0x0b, 0xfb, 0x00, 0x00, 0x00,
    0x00, 0x00, 0x1f, 0xef, 0x20, 0x00, 0x00, 0x00, 0x00, 0x7f, 0x7f, 0x70, 0x00, 0x00, 0x00, 0x00,
    0xce, 0x0e, 0xd0, 0x00, 0x00, 0x00, 0x03, 0xfa, 0x09, 0xf4, 0x00, 0x00, 0x00, 0x08, 0xf5, 0x04,
    0xfa, 0x00, 0x00, 0x00, 0x0e, 0xe0, 0x00, 0xef, 0x10, 0x00, 0x00, 0x4f, 0x90, 0x00, 0x9f, 0x70,
    0x00, 0x00, 0xaf, 0x40, 0x00, 0x3f, 0xd0, 0x00, 0x01, 0xef, 0xff, 0xff, 0xff, 0xf3, 0x00, 0x06,
    0xfb, 0x88, 0x88, 0x8a, 0xf9, 0x00, 0x0b, 0xf3, 0x00, 0x00, 0x01, 0xfe, 0x10, 0x2f, 0xd0, 0x00,
    0x00, 0x00, 0xbf, 0x60, 0x7f, 0x80, 0x00, 0x00, 0x00, 0x5f, 0xc0, 0xdf, 0x20, 0x00, 0x00, 0x00,
    0x0e, 0xf3, 0x00, 0x00, 0x0d, 0xfb, 0x00, 0x00, 0x00, 0x00, 0x00, 0x9f, 0x9f, 0x70, 0x00, 0x00,
    0x00, 0x04, 0xfa, 0x0b, 0xf3, 0x00, 0x00, 0x00, 0x00, 0x00, 0x00, 0x00, 0x00, 0x00, 0x00, 0x00,
    0x0b, 0xfb, 0x00, 0x00, 0x00, 0x00, 0x00, 0x1f, 0xef, 0x20, 0x00, 0x00, 0x00, 0x00, 0x7f, 0x7f,
    0x70, 0x00, 0x00, 0x00, 0x00, 0xce, 0x0e, 0xd0, 0x00, 0x00, 0x00, 0x03, 0xfa, 0x09, 0xf4, 0x00,
    0x00, 0x00, 0x08, 0xf5, 0x04, 0xfa, 0x00, 0x00, 0x00, 0x0e, 0xe0, 0x00, 0xef, 0x10, 0x00, 0x00,
    0x4f, 0x90, 0x00, 0x9f, 0x70, 0x00, 0x00, 0xaf, 0x40, 0x00, 0x3f, 0xd0, 0x00, 0x01, 0xef, 0xff,
    0xff, 0xff, 0xf3, 0x00, 0x06, 0xfb, 0x88, 0x88, 0x8a, 0xf9, 0x00, 0x0b, 0xf3, 0x00, 0x00, 0x01,
    0xfe, 0x10, 0x2f, 0xd0, 0x00, 0x00, 0x00, 0xbf, 0x60, 0x7f, 0x80, 0x00, 0x00, 0x00, 0x5f, 0xc0,
    0xdf, 0x20, 0x00, 0x00, 0x00, 0x0e, 0xf3, 0x00, 0x01, 0xbd, 0xa5, 0x9d, 0x00, 0x00, 0x00, 0x07,
    0xd4, 0x8e, 0xe5, 0x00, 0x00, 0x00, 0x00, 0x00, 0x00, 0x00, 0x00, 0x00, 0x00, 0x00, 0x0b, 0xfb,
    0x00, 0x00, 0x00, 0x00, 0x00, 0x1f, 0xef, 0x20, 0x00, 0x00, 0x00, 0x00, 0x7f, 0x7f, 0x70, 0x00,
    0x00, 0x00, 0x00, 0xce, 0x0e, 0xd0, 0x00, 0x00, 0x00, 0x03, 0xfa, 0x09, 0xf4, 0x00, 0x00, 0x00,
    0x08, 0xf5, 0x04, 0xfa, 0x00, 0x00, 0x00, 0x0e, 0xe0, 0x00, 0xef, 0x10, 0x00, 0x00, 0x4f, 0x90,
    0x00, 0x9f, 0x70, 0x00, 0x00, 0xaf, 0x40, 0x00, 0x3f, 0xd0, 0x00, 0x01, 0xef, 0xff, 0xff, 0xff,
    0xf3, 0x00, 0x06, 0xfb, 0x88, 0x88, 0x8a, 0xf9, 0x00, 0x0b, 0xf3, 0x00, 0x00, 0x01, 0xfe, 0x10,
    0x2f, 0xd0, 0x00, 0x00, 0x00, 0xbf, 0x60, 0x7f, 0x80, 0x00, 0x00, 0x00, 0x5f, 0xc0, 0xdf, 0x20,
    0x00, 0x00, 0x00, 0x0e, 0xf3, 0x00, 0x01, 0xef, 0x30, 0x00, 0x00, 0x00, 0x00, 0x4f, 0xa0, 0x00,
    0x00, 0x00, 0x00, 0x07, 0xf2, 0x00, 0x00, 0x00, 0x00, 0x00, 0x00, 0x00, 0x00, 0x6f, 0xff, 0xff,
    0xff, 0xff, 0xe0, 0x6f, 0xdb, 0xbb, 0xbb, 0xbb, 0xb0, 0x6f, 0x70, 0x00, 0x00, 0x00, 0x00, 0x6f,
    0x70, 0x00, 0x00, 0x00, 0x00, 0x6f, 0x70, 0x00, 0x00, 0x00, 0x00, 0x6f, 0x70, 0x00, 0x00, 0x00,
    0x00, 0x6f, 0xff, 0xff, 0xff, 0xff, 0x60, 0x6f, 0xdb, 0xbb, 0xbb, 0xbb, 0x40, 0x6f, 0x70, 0x00,
    0x00, 0x00, 0x00, 0x6f, 0x70, 0x00, 0x00, 0x00, 0x00, 0x6f, 0x70, 0x00, 0x00, 0x00, 0x00, 0x6f,
    0x70, 0x00, 0x00, 0x00, 0x00, 0x6f, 0x70, 0x00, 0x00, 0x00, 0x00, 0x6f, 0xdb, 0xbb, 0xbb, 0xbb,
    0xb3, 0x6f, 0xff, 0xff, 0xff, 0xff, 0xf4, 0x00, 0x00, 0x06, 0xfb, 0x00, 0x00, 0x00, 0x00, 0x0d,
    0xe1, 0x00, 0x00, 0x00, 0x00, 0x4f, 0x50, 0x00, 0x00, 0x00, 0x00, 0x00, 0x00, 0x00, 0x00, 0x6f,
    0xff, 0xff, 0xff, 0xff, 0xe0, 0x6f, 0xdb, 0xbb, 0xbb, 0xbb, 0xb0, 0x6f, 0x70, 0x00, 0x00, 0x00,
    0x00, 0x6f, 0x70, 0x00, 0x00, 0x00, 0x00, 0x6f, 0x70, 0x00, 0x00, 0x00, 0x00, 0x6f, 0x70, 0x00,
    0x00, 0x00, 0x00, 0x6f, 0xff, 0xff, 0xff, 0xff, 0x60, 0x6f, 0xdb, 0xbb, 0xbb, 0xbb, 0x40, 0x6f,
    0x70, 0x00, 0x00, 0x00, 0x00, 0x6f, 0x70, 0x00, 0x00, 0x00, 0x00, 0x6f, 0x70, 0x00, 0x00, 0x00,
    0x00, 0x6f, 0x70, 0x00, 0x00, 0x00, 0x00, 0x6f, 0x70, 0x00, 0x00, 0x00, 0x00, 0x6f, 0xdb, 0xbb,
    0xbb, 0xbb, 0xb3, 0x6f, 0xff, 0xff, 0xff, 0xff, 0xf4, 0x00, 0x00, 0x7f, 0xf3, 0x00, 0x00, 0x00,
    0x03, 0xfb, 0xdd, 0x10, 0x00, 0x00, 0x0c, 0xf2, 0x5f, 0x90, 0x00, 0x00, 0x00, 0x00, 0x00, 0x00,
    0x00, 0x6f, 0xff, 0xff, 0xff, 0xff, 0xe0, 0x6f, 0xdb, 0xbb, 0xbb, 0xbb, 0xb0, 0x6f, 0x70, 0x00,
    0x00, 0x00, 0x00, 0x6f, 0x70, 0x00, 0x00, 0x00, 0x00, 0x6f, 0x70, 0x00, 0x00, 0x00, 0x00, 0x6f,
    0x70, 0x00, 0x00, 0x00, 0x00, 0x6f, 0xff, 0xff, 0xff, 0xff, 0x60, 0x6f, 0xdb, 0xbb, 0xbb, 0xbb,
    0x40, 0x6f, 0x70, 0x00, 0x00, 0x00, 0x00, 0x6f, 0x70, 0x00, 0x00, 0x00, 0x00, 0x6f, 0x70, 0x00,
    0x00, 0x00, 0x00, 0x6f, 0x70, 0x00, 0x00, 0x00, 0x00, 0x6f, 0x70, 0x00, 0x00, 0x00, 0x00, 0x6f,
    0xdb, 0xbb, 0xbb, 0xbb, 0xb3, 0x6f, 0xff, 0xff, 0xff, 0xff, 0xf4, 0x2e, 0xf2, 0x00, 0x5f, 0x80,
    0x00, 0x9e, 0x10, 0x00, 0x00, 0x02, 0xfc, 0x00, 0x2f, 0xc0, 0x02, 0xfc, 0x00, 0x2f, 0xc0, 0x02,
    0xfc, 0x00, 0x2f, 0xc0, 0x02, 0xfc, 0x00, 0x2f, 0xc0, 0x02, 0xfc, 0x00, 0x2f, 0xc0, 0x02, 0xfc,
    0x00, 0x2f, 0xc0, 0x02, 0xfc, 0x00, 0x2f, 0xc0, 0x02, 0xfc, 0x00, 0x08, 0xf9, 0x1e, 0xd1, 0x6f,
    0x30, 0x00, 0x00, 0x2f, 0xc0, 0x2f, 0xc0, 0x2f, 0xc0, 0x2f, 0xc0, 0x2f, 0xc0, 0x2f, 0xc0, 0x2f,
    0xc0, 0x2f, 0xc0, 0x2f, 0xc0, 0x2f, 0xc0, 0x2f, 0xc0, 0x2f, 0xc0, 0x2f, 0xc0, 0x2f, 0xc0, 0x2f,
    0xc0, 0x00, 0x00, 0x05, 0xfd, 0x00, 0x00, 0x00, 0x00, 0x00, 0x00, 0x09, 0xf4, 0x00, 0x00, 0x00,
    0x00, 0x00, 0x00, 0x0c, 0xb0, 0x00, 0x00, 0x00, 0x00, 0x00, 0x00, 0x00, 0x00, 0x00, 0x00, 0x00,
    0x00, 0x39, 0xdf, 0xec, 0x61, 0x00, 0x00, 0x00, 0x7f, 0xfb, 0x89, 0xdf, 0xd3, 0x00, 0x00, 0x7f,
    0xc2, 0x00, 0x00, 0x6f, 0xe2, 0x00, 0x2f, 0xd1, 0x00, 0x00, 0x00, 0x6f, 0xa0, 0x08, 0xf7, 0x00,
    0x00, 0x00, 0x00, 0xdf, 0x20, 0xcf, 0x20, 0x00, 0x00, 0x00, 0x08, 0xf6, 0x0e, 0xf0, 0x00, 0x00,
    0x00, 0x00, 0x6f, 0x80, 0xfe, 0x00, 0x00, 0x00, 0x00, 0x05, 0xf9, 0x0e, 0xf0, 0x00, 0x00, 0x00,
    0x00, 0x5f, 0x80, 0xcf, 0x20, 0x00, 0x00, 0x00, 0x08, 0xf6, 0x08, 0xf7, 0x00, 0x00, 0x00, 0x00,
    0xdf, 0x20, 0x2e, 0xe1, 0x00, 0x00, 0x00, 0x6f, 0xb0, 0x00, 0x6f, 0xc2, 0x00, 0x00, 0x5f, 0xe2,
    0x00, 0x00, 0x6f, 0xfa, 0x89, 0xcf, 0xd3, 0x00, 0x00, 0x00, 0x29, 0xde, 0xec, 0x61, 0x00, 0x00,
    0x00, 0x00, 0x00, 0x05, 0xfc, 0x00, 0x00, 0x00, 0x00, 0x00, 0x00, 0xbe, 0x20, 0x00, 0x00, 0x00,
    0x00, 0x00, 0x3f, 0x60, 0x00, 0x00, 0x00, 0x00, 0x00, 0x00, 0x00, 0x00, 0x00, 0x00, 0x00, 0x00,
    0x39, 0xdf, 0xec, 0x61, 0x00, 0x00, 0x00, 0x7f, 0xfb, 0x89, 0xdf, 0xd3, 0x00, 0x00, 0x7f, 0xc2,
    0x00, 0x00, 0x6f, 0xe2, 0x00, 0x2f, 0xd1, 0x00, 0x00, 0x00, 0x6f, 0xa0, 0x08, 0xf7, 0x00, 0x00,
    0x00, 0x00, 0xdf, 0x20, 0xcf, 0x20, 0x00, 0x00, 0x00, 0x08, 0xf6, 0x0e, 0xf0, 0x00, 0x00, 0x00,
    0x00, 0x6f, 0x80, 0xfe, 0x00, 0x00, 0x00, 0x00, 0x05, 0xf9, 0x0e, 0xf0, 0x00, 0x00, 0x00, 0x00,
    0x5f, 0x80, 0xcf, 0x20, 0x00, 0x00, 0x00, 0x08, 0xf6, 0x08, 0xf7, 0x00, 0x00, 0x00, 0x00, 0xdf,
    0x20, 0x2e, 0xe1, 0x00, 0x00, 0x00, 0x6f, 0xb0, 0x00, 0x6f, 0xc2, 0x00, 0x00, 0x5f, 0xe2, 0x00,
    0x00, 0x6f, 0xfa, 0x89, 0xcf, 0xd3, 0x00, 0x00, 0x00, 0x29, 0xde, 0xec, 0x61, 0x00, 0x00, 0x00,
    0x00, 0x00, 0x8f, 0xe2, 0x00, 0x00, 0x00, 0x00, 0x00, 0x4f, 0xae, 0xb0, 0x00, 0x00, 0x00, 0x00,
    0x1d, 0xe1, 0x6f, 0x70, 0x00, 0x00, 0x00, 0x00, 0x00, 0x00, 0x00, 0x00, 0x00, 0x00, 0x00, 0x39,
    0xdf, 0xec, 0x61, 0x00, 0x00, 0x00, 0x7f, 0xfb, 0x89, 0xdf, 0xd3, 0x00, 0x00, 0x7f, 0xc2, 0x00,
    0x00, 0x6f, 0xe2, 0x00, 0x2f, 0xd1, 0x00, 0x00, 0x00, 0x6f, 0xa0, 0x08, 0xf7, 0x00, 0x00, 0x00,
    0x00, 0xdf, 0x20, 0xcf, 0x20, 0x00, 0x00, 0x00, 0x08, 0xf6, 0x0e, 0xf0, 0x00, 0x00, 0x00, 0x00,
    0x6f, 0x80, 0xfe, 0x00, 0x00, 0x00, 0x00, 0x05, 0xf9, 0x0e, 0xf0, 0x00, 0x00, 0x00, 0x00, 0x5f,
    0x80, 0xcf, 0x20, 0x00, 0x00, 0x00, 0x08, 0xf6, 0x08, 0xf7, 0x00, 0x00, 0x00, 0x00, 0xdf, 0x20,
    0x2e, 0xe1, 0x00, 0x00, 0x00, 0x6f, 0xb0, 0x00, 0x6f, 0xc2, 0x00, 0x00, 0x5f, 0xe2, 0x00, 0x00,
    0x6f, 0xfa, 0x89, 0xcf, 0xd3, 0x00, 0x00, 0x00, 0x29, 0xde, 0xec, 0x61, 0x00, 0x00, 0x00, 0x00,
    0x09, 0xdb, 0x67, 0xe0, 0x00, 0x00, 0x00, 0x05, 0xf4, 0x7d, 0xe7, 0x00, 0x00, 0x00, 0x00, 0x00,
    0x00, 0x00, 0x00, 0x00, 0x00, 0x00, 0x03, 0x9d, 0xfe, 0xc6, 0x10, 0x00, 0x00, 0x07, 0xff, 0xb8,
    0x9d, 0xfd, 0x30, 0x00, 0x07, 0xfc, 0x20, 0x00, 0x06, 0xfe, 0x20, 0x02, 0xfd, 0x10, 0x00, 0x00,
    0x06, 0xfa, 0x00, 0x8f, 0x70, 0x00, 0x00, 0x00, 0x0d, 0xf2, 0x0c, 0xf2, 0x00, 0x00, 0x00, 0x00,
    0x8f, 0x60, 0xef, 0x00, 0x00, 0x00, 0x00, 0x06, 0xf8, 0x0f, 0xe0, 0x00, 0x00, 0x00, 0x00, 0x5f,
    0x90, 0xef, 0x00, 0x00, 0x00, 0x00, 0x05, 0xf8, 0x0c, 0xf2, 0x00, 0x00, 0x00, 0x00, 0x8f, 0x60,
    0x8f, 0x70, 0x00, 0x00, 0x00, 0x0d, 0xf2, 0x02, 0xee, 0x10, 0x00, 0x00, 0x06, 0xfb, 0x00, 0x06,
    0xfc, 0x20, 0x00, 0x05, 0xfe, 0x20, 0x00, 0x06, 0xff, 0xa8, 0x9c, 0xfd, 0x30, 0x00, 0x00, 0x02,
    0x9d, 0xee, 0xc6, 0x10, 0x00, 0x00, 0x01, 0xdf, 0x40, 0x00, 0x00, 0x00, 0x00, 0x3f, 0xa0, 0x00,
    0x00, 0x00, 0x00, 0x07, 0xf2, 0x00, 0x00, 0x00, 0x00, 0x00, 0x00, 0x00, 0x00, 0x6f, 0x70, 0x00,
    0x00, 0x01, 0xfc, 0x6f, 0x70, 0x00, 0x00, 0x01, 0xfc, 0x6f, 0x70, 0x00, 0x00, 0x01, 0xfc, 0x6f,
    0x70, 0x00, 0x00, 0x01, 0xfc, 0x6f, 0x70, 0x00, 0x00, 0x01, 0xfc, 0x6f, 0x70, 0x00, 0x00, 0x01,
    0xfc, 0x6f, 0x70, 0x00, 0x00, 0x01, 0xfc, 0x6f, 0x70, 0x00, 0x00, 0x01, 0xfc, 0x6f, 0x70, 0x00,
    0x00, 0x01, 0xfc, 0x5f, 0x80, 0x00, 0x00, 0x02, 0xfc, 0x4f, 0x90, 0x00, 0x00, 0x04, 0xfa, 0x1f,
    0xd0, 0x00, 0x00, 0x08, 0xf7, 0x0a, 0xfa, 0x10, 0x00, 0x5e, 0xf2, 0x02, 0xdf, 0xfc, 0xce, 0xff,
    0x60, 0x00, 0x18, 0xce, 0xfd, 0xa3, 0x00, 0x00, 0x00, 0x00, 0xef, 0x40, 0x00, 0x00, 0x00, 0x05,
    0xf8, 0x00, 0x00, 0x00, 0x00, 0x0c, 0xc0, 0x00, 0x00, 0x00, 0x00, 0x00, 0x00, 0x00, 0x00, 0x6f,
    0x70, 0x00, 0x00, 0x01, 0xfc, 0x6f, 0x70, 0x00, 0x00, 0x01, 0xfc, 0x6f, 0x70, 0x00, 0x00, 0x01,
    0xfc, 0x6f, 0x70, 0x00, 0x00, 0x01, 0xfc, 0x6f, 0x70, 0x00, 0x00, 0x01, 0xfc, 0x6f, 0x70, 0x00,
    0x00, 0x01, 0xfc, 0x6f, 0x70, 0x00, 0x00, 0x01, 0xfc, 0x6f, 0x70, 0x00, 0x00, 0x01, 0xfc, 0x6f,
    0x70, 0x00, 0x00, 0x01, 0xfc, 0x5f, 0x80, 0x00, 0x00, 0x02, 0xfc, 0x4f, 0x90, 0x00, 0x00, 0x04,
    0xfa, 0x1f, 0xd0, 0x00, 0x00, 0x08, 0xf7, 0x0a, 0xfa, 0x10, 0x00, 0x5e, 0xf2, 0x02, 0xdf, 0xfc,
    0xce, 0xff, 0x60, 0x00, 0x18, 0xce, 0xfd, 0xa3, 0x00, 0x00, 0x00, 0x00, 0x8f, 0xa0, 0x00, 0x00,
    0x00, 0x00, 0x00, 0xed, 0x10, 0x00, 0x00, 0x00, 0x00, 0x05, 0xf4, 0x00, 0x00, 0x00, 0x00, 0x00,
    0x00, 0x00, 0x00, 0x00, 0x00, 0xaf, 0xa0, 0x00, 0x00, 0x00, 0x5f, 0xd0, 0x1e, 0xf4, 0x00, 0x00,
    0x00, 0xdf, 0x40, 0x06, 0xfc, 0x00, 0x00, 0x08, 0xf9, 0x00, 0x00, 0xcf, 0x60, 0x00, 0x2e, 0xe1,
    0x00, 0x00, 0x3f, 0xe1, 0x00, 0xaf, 0x50, 0x00, 0x00, 0x09, 0xf8, 0x04, 0xfa, 0x00, 0x00, 0x00,
    0x01, 0xef, 0x2c, 0xe2, 0x00, 0x00, 0x00, 0x00, 0x5f, 0xdf, 0x60, 0x00, 0x00, 0x00, 0x00, 0x0b,
    0xfc, 0x00, 0x00, 0x00, 0x00, 0x00, 0x06, 0xf7, 0x00, 0x00, 0x00, 0x00, 0x00, 0x06, 0xf7, 0x00,
    0x00, 0x00, 0x00, 0x00, 0x06, 0xf7, 0x00, 0x00, 0x00, 0x00, 0x00, 0x06, 0xf7, 0x00, 0x00, 0x00,
    0x00, 0x00, 0x06, 0xf7, 0x00, 0x00, 0x00, 0x00, 0x00, 0x06, 0xf7, 0x00, 0x00, 0x00, 0x00, 0x05,
    0xfd, 0x00, 0x00, 0x00, 0x00, 0x09, 0xf5, 0x00, 0x00, 0x00, 0x00, 0x0c, 0xb0, 0x00, 0x00, 0x00,
    0x00, 0x00, 0x00, 0x00, 0x00, 0x4a, 0xef, 0xeb, 0x50, 0x00, 0x6f, 0xd9, 0x8a, 0xff, 0x40, 0x0b,
    0xe1, 0x00, 0x05, 0xf9, 0x00, 0x00, 0x00, 0x00, 0x1f, 0xb0, 0x00, 0x02, 0x47, 0x9d, 0xfb, 0x00,
    0x2b, 0xff, 0xfd, 0xaf, 0xb0, 0x0c, 0xf8, 0x30, 0x01, 0xfb, 0x03, 0xfb, 0x00, 0x00, 0x4f, 0xb0,
    0x3f, 0xc0, 0x00, 0x1c, 0xfb, 0x00, 0xcf, 0xc8, 0x9e, 0xde, 0xc0, 0x02, 0x9d, 0xfd, 0x71, 0xaf,
    0x20, 0x00, 0x00, 0x06, 0xfb, 0x00, 0x00, 0x00, 0x00, 0xce, 0x20, 0x00, 0x00, 0x00, 0x4f, 0x50,
    0x00, 0x00, 0x00, 0x00, 0x00, 0x00, 0x00, 0x00, 0x4a, 0xef, 0xeb, 0x50, 0x00, 0x6f, 0xd9, 0x8a,
    0xff, 0x40, 0x0b, 0xe1, 0x00, 0x05, 0xf9, 0x00, 0x00, 0x00, 0x00, 0x1f, 0xb0, 0x00, 0x02, 0x47,
    0x9d, 0xfb, 0x00, 0x2b, 0xff, 0xfd, 0xaf, 0xb0, 0x0c, 0xf8, 0x30, 0x01, 0xfb, 0x03, 0xfb, 0x00,
    0x00, 0x4f, 0xb0, 0x3f, 0xc0, 0x00, 0x1c, 0xfb, 0x00, 0xcf, 0xc8, 0x9e, 0xde, 0xc0, 0x02, 0x9d,
    0xfd, 0x71, 0xaf, 0x20, 0x00, 0x00, 0xcf, 0xb0, 0x00, 0x00, 0x00, 0x8f, 0x9f, 0x70, 0x00, 0x00,
    0x4f, 0xb0, 0xaf, 0x40, 0x00, 0x00, 0x00, 0x00, 0x00, 0x00, 0x00, 0x4a, 0xef, 0xeb, 0x50, 0x00,
    0x6f, 0xd9, 0x8a, 0xff, 0x40, 0x0b, 0xe1, 0x00, 0x05, 0xf9, 0x00, 0x00, 0x00, 0x00, 0x1f, 0xb0,
    0x00, 0x02, 0x47, 0x9d, 0xfb, 0x00, 0x2b, 0xff, 0xfd, 0xaf, 0xb0, 0x0c, 0xf8, 0x30, 0x01, 0xfb,
    0x03, 0xfb, 0x00, 0x00, 0x4f, 0xb0, 0x3f, 0xc0, 0x00, 0x1c, 0xfb, 0x00, 0xcf, 0xc8, 0x9e, 0xde,
    0xc0, 0x02, 0x9d, 0xfd, 0x71, 0xaf, 0x20, 0x00, 0x2c, 0xd9, 0x5b, 0xa0, 0x00, 0x0a, 0xc4, 0x9e,
    0xd3, 0x00, 0x00, 0x00, 0x00, 0x00, 0x00, 0x00, 0x04, 0xae, 0xfe, 0xb5, 0x00, 0x06, 0xfd, 0x98,
    0xaf, 0xf4, 0x00, 0xbe, 0x10, 0x00, 0x5f, 0x90, 0x00, 0x00, 0x00, 0x01, 0xfb, 0x00, 0x00, 0x24,
    0x79, 0xdf, 0xb0, 0x02, 0xbf, 0xff, 0xda, 0xfb, 0x00, 0xcf, 0x83, 0x00, 0x1f, 0xb0, 0x3f, 0xb0,
    0x00, 0x04, 0xfb, 0x03, 0xfc, 0x00, 0x01, 0xcf, 0xb0, 0x0c, 0xfc, 0x89, 0xed, 0xec, 0x00, 0x29,
    0xdf, 0xd7, 0x1a, 0xf2, 0x00, 0x09, 0xf9, 0x00, 0x00, 0x00, 0x00, 0x0c, 0xe1, 0x00, 0x00, 0x00,
    0x00, 0x2e, 0x70, 0x00, 0x00, 0x00, 0x00, 0x00, 0x00, 0x00, 0x00, 0x18, 0xdf, 0xd9, 0x10, 0x00,
    0x1d, 0xfb, 0x8a, 0xfd, 0x10, 0x09, 0xf7, 0x00, 0x04, 0xfa, 0x00, 0xed, 0x00, 0x00, 0x0c, 0xf1,
    0x3f, 0xd8, 0x88, 0x88, 0xcf, 0x34, 0xff, 0xff, 0xff, 0xff, 0xf4, 0x3f, 0xa0, 0x00, 0x00, 0x00,
    0x01, 0xfd, 0x00, 0x00, 0x0c, 0xd1, 0x0a, 0xf8, 0x00, 0x05, 0xfb, 0x00, 0x1d, 0xfc, 0x8a, 0xfe,
    0x20, 0x00, 0x18, 0xdf, 0xda, 0x20, 0x00, 0x00, 0x00, 0x06, 0xfc, 0x00, 0x00, 0x00, 0x00, 0xce,
    0x20, 0x00, 0x00, 0x00, 0x4f, 0x50, 0x00, 0x00, 0x00, 0x00, 0x00, 0x00, 0x00, 0x00, 0x18, 0xdf,
    0xd9, 0x10, 0x00, 0x1d, 0xfb, 0x8a, 0xfd, 0x10, 0x09, 0xf7, 0x00, 0x04, 0xfa, 0x00, 0xed, 0x00,
    0x00, 0x0c, 0xf1, 0x3f, 0xd8, 0x88, 0x88, 0xcf, 0x34, 0xff, 0xff, 0xff, 0xff, 0xf4, 0x3f, 0xa0,
    0x00, 0x00, 0x00, 0x01, 0xfd, 0x00, 0x00, 0x0c, 0xd1, 0x0a, 0xf8, 0x00, 0x05, 0xfb, 0x00, 0x1d,
    0xfc, 0x8a, 0xfe, 0x20, 0x00, 0x18, 0xdf, 0xda, 0x20, 0x00, 0x00, 0x00, 0xcf, 0xb0, 0x00, 0x00,
    0x00, 0x8f, 0x9f, 0x70, 0x00, 0x00, 0x4f, 0xb0, 0xaf, 0x40, 0x00, 0x00, 0x00, 0x00, 0x00, 0x00,
    0x00, 0x18, 0xdf, 0xd9, 0x10, 0x00, 0x1d, 0xfb, 0x8a, 0xfd, 0x10, 0x09, 0xf7, 0x00, 0x04, 0xfa,
    0x00, 0xed, 0x00, 0x00, 0x0c, 0xf1, 0x3f, 0xd8, 0x88, 0x88, 0xcf, 0x34, 0xff, 0xff, 0xff, 0xff,
    0xf4, 0x3f, 0xa0, 0x00, 0x00, 0x00, 0x01, 0xfd, 0x00, 0x00, 0x0c, 0xd1, 0x0a, 0xf8, 0x00, 0x05,
    0xfb, 0x00, 0x1d, 0xfc, 0x8a, 0xfe, 0x20, 0x00, 0x18, 0xdf, 0xda, 0x20, 0x00, 0x4f, 0xd0, 0x08,
    0xf5, 0x00, 0xcc, 0x00, 0x00, 0x01, 0xfa, 0x01, 0xfa, 0x01, 0xfa, 0x01, 0xfa, 0x01, 0xfa, 0x01,
    0xfa, 0x01, 0xfa, 0x01, 0xfa, 0x01, 0xfa, 0x01, 0xfa, 0x01, 0xfa, 0x01, 0xfe, 0x20, 0x8f, 0x50,
    0x0e, 0xa0, 0x00, 0x00, 0x00, 0x1f, 0xa0, 0x01, 0xfa, 0x00, 0x1f, 0xa0, 0x01, 0xfa, 0x00, 0x1f,
    0xa0, 0x01, 0xfa, 0x00, 0x1f, 0xa0, 0x01, 0xfa, 0x00, 0x1f, 0xa0, 0x01, 0xfa, 0x00, 0x1f, 0xa0,
    0x00, 0x00, 0x09, 0xf9, 0x00, 0x00, 0x00, 0x00, 0x0c, 0xf1, 0x00, 0x00, 0x00, 0x00, 0x2e, 0x70,
    0x00, 0x00, 0x00, 0x00, 0x00, 0x00, 0x00, 0x00, 0x19, 0xdf, 0xd9, 0x20, 0x00, 0x2d, 0xfb, 0x8b,
    0xfe, 0x20, 0x0b, 0xf6, 0x00, 0x06, 0xfb, 0x01, 0xfc, 0x00, 0x00, 0x0c, 0xf2, 0x4f, 0x80, 0x00,
    0x00, 0x8f, 0x55, 0xf7, 0x00, 0x00, 0x07, 0xf5, 0x4f, 0x90, 0x00, 0x00, 0x8f, 0x41, 0xfc, 0x00,
    0x00, 0x0b, 0xf2, 0x0b, 0xf6, 0x00, 0x06, 0xfb, 0x00, 0x2e, 0xfb, 0x8b, 0xfe, 0x20, 0x00, 0x29,
    0xdf, 0xd9, 0x10, 0x00, 0x00, 0x00, 0x05, 0xfc, 0x00, 0x00, 0x00, 0x00, 0xce, 0x20, 0x00, 0x00,
    0x00, 0x3f, 0x60, 0x00, 0x00, 0x00, 0x00, 0x00, 0x00, 0x00, 0x00, 0x19, 0xdf, 0xd9, 0x20, 0x00,
    0x2d, 0xfb, 0x8b, 0xfe, 0x20, 0x0b, 0xf6, 0x00, 0x06, 0xfb, 0x01, 0xfc, 0x00, 0x00, 0x0c, 0xf2,
    0x4f, 0x80, 0x00, 0x00, 0x8f, 0x55, 0xf7, 0x00, 0x00, 0x07, 0xf5, 0x4f, 0x90, 0x00, 0x00, 0x8f,
    0x41, 0xfc, 0x00, 0x00, 0x0b, 0xf2, 0x0b, 0xf6, 0x00, 0x06, 0xfb, 0x00, 0x2e, 0xfb, 0x8b, 0xfe,
    0x20, 0x00, 0x29, 0xdf, 0xd9, 0x10, 0x00, 0x00, 0x00, 0xcf, 0xc0, 0x00, 0x00, 0x00, 0x8f, 0x9f,
    0x80, 0x00, 0x00, 0x3f, 0xb0, 0xaf, 0x40, 0x00, 0x00, 0x00, 0x00, 0x00, 0x00, 0x00, 0x19, 0xdf,
    0xd9, 0x20, 0x00, 0x2d, 0xfb, 0x8b, 0xfe, 0x20, 0x0b, 0xf6, 0x00, 0x06, 0xfb, 0x01, 0xfc, 0x00,
    0x00, 0x0c, 0xf2, 0x4f, 0x80, 0x00, 0x00, 0x8f, 0x55, 0xf7, 0x00, 0x00, 0x07, 0xf5, 0x4f, 0x90,
    0x00, 0x00, 0x8f, 0x41, 0xfc, 0x00, 0x00, 0x0b, 0xf2, 0x0b, 0xf6, 0x00, 0x06, 0xfb, 0x00, 0x2e,
    0xfb, 0x8b, 0xfe, 0x20, 0x00, 0x29, 0xdf, 0xd9, 0x10, 0x00, 0x00, 0x2c, 0xd9, 0x5a, 0xa0, 0x00,
    0x0a, 0xc4, 0x9e, 0xd3, 0x00, 0x00, 0x00, 0x00, 0x00, 0x00, 0x00, 0x01, 0x9d, 0xfd, 0x92, 0x00,
    0x02, 0xdf, 0xb8, 0xbf, 0xe2, 0x00, 0xbf, 0x60, 0x00, 0x6f, 0xb0, 0x1f, 0xc0, 0x00, 0x00, 0xcf,
    0x24, 0xf8, 0x00, 0x00, 0x08, 0xf5, 0x5f, 0x70, 0x00, 0x00, 0x7f, 0x54, 0xf9, 0x00, 0x00, 0x08,
    0xf4, 0x1f, 0xc0, 0x00, 0x00, 0xbf, 0x20, 0xbf, 0x60, 0x00, 0x6f, 0xb0, 0x02, 0xef, 0xb8, 0xbf,
    0xe2, 0x00, 0x02, 0x9d, 0xfd, 0x91, 0x00, 0x00, 0x3f, 0xe1, 0x00, 0x00, 0x00, 0x7f, 0x70, 0x00,
    0x00, 0x00, 0xad, 0x00, 0x00, 0x00, 0x00, 0x00, 0x00, 0xbf, 0x00, 0x00, 0x1f, 0xab, 0xf0, 0x00,
    0x01, 0xfa, 0xbf, 0x00, 0x00, 0x1f, 0xab, 0xf0, 0x00, 0x01, 0xfa, 0xbf, 0x00, 0x00, 0x1f, 0xab,
    0xf0, 0x00, 0x01, 0xfa, 0xbf, 0x10, 0x00, 0x2f, 0xaa, 0xf1, 0x00, 0x04, 0xfa, 0x8f, 0x60, 0x00,
    0xbf, 0xa3, 0xff, 0x98, 0xdd, 0xea, 0x04, 0xce, 0xe9, 0x1d, 0xa0, 0x00, 0x00, 0x8f, 0xa0, 0x00,
    0x00, 0x0e, 0xd1, 0x00, 0x00, 0x05, 0xf4, 0x00, 0x00, 0x00, 0x00, 0x00, 0x00, 0xbf, 0x00, 0x00,
    0x1f, 0xab, 0xf0, 0x00, 0x01, 0xfa, 0xbf, 0x00, 0x00, 0x1f, 0xab, 0xf0, 0x00, 0x01, 0xfa, 0xbf,
    0x00, 0x00, 0x1f, 0xab, 0xf0, 0x00, 0x01, 0xfa, 0xbf, 0x10, 0x00, 0x2f, 0xaa, 0xf1, 0x00, 0x04,
    0xfa, 0x8f, 0x60, 0x00, 0xbf, 0xa3, 0xff, 0x98, 0xdd, 0xea, 0x04, 0xce, 0xe9, 0x1d, 0xa0, 0x00,
    0x00, 0x0c, 0xf5, 0x00, 0x00, 0x00, 0x4f, 0x90, 0x00, 0x00, 0x00, 0xad, 0x10, 0x00, 0x00, 0x00,
    0x00, 0x00, 0x00, 0x7f, 0x60, 0x00, 0x02, 0xfa, 0x2f, 0xb0, 0x00, 0x07, 0xf4, 0x0c, 0xf1, 0x00,
    0x0c, 0xe0, 0x06, 0xf6, 0x00, 0x2f, 0x80, 0x01, 0xfb, 0x00, 0x7f, 0x30, 0x00, 0xbf, 0x10, 0xcc,
    0x00, 0x00, 0x5f, 0x62, 0xf7, 0x00, 0x00, 0x1e, 0xa7, 0xf2, 0x00, 0x00, 0x09, 0xeb, 0xb0, 0x00,
    0x00, 0x04, 0xff, 0x50, 0x00, 0x00, 0x00, 0xee, 0x10, 0x00, 0x00, 0x00, 0xea, 0x00, 0x00, 0x00,
    0x07, 0xf4, 0x00, 0x00, 0x0b, 0xdf, 0xb0, 0x00, 0x00, 0x0a, 0xeb, 0x10, 0x00, 0x00, 0x00, 0x02,
    0xf2, 0x00, 0xd6, 0x00, 0x00, 0x00, 0x00, 0xcc, 0x7a, 0xe2, 0x00, 0x00, 0x00, 0x00, 0x2b, 0xed,
    0x40, 0x00, 0x00, 0x00, 0x00, 0x00, 0x00, 0x00, 0x00, 0x00, 0x00, 0x00, 0x0b, 0xfb, 0x00, 0x00,
    0x00, 0x00, 0x00, 0x1f, 0xef, 0x20, 0x00, 0x00, 0x00, 0x00, 0x7f, 0x7f, 0x70, 0x00, 0x00, 0x00,
    0x00, 0xce, 0x0e, 0xd0, 0x00, 0x00, 0x00, 0x03, 0xfa, 0x09, 0xf4, 0x00, 0x00, 0x00, 0x08, 0xf5,
    0x04, 0xfa, 0x00, 0x00, 0x00, 0x0e, 0xe0, 0x00, 0xef, 0x10, 0x00, 0x00, 0x4f, 0x90, 0x00, 0x9f,
    0x70, 0x00, 0x00, 0xaf, 0x40, 0x00, 0x3f, 0xd0, 0x00, 0x01, 0xef, 0xff, 0xff, 0xff, 0xf3, 0x00,
    0x06, 0xfb, 0x88, 0x88, 0x8a, 0xf9, 0x00, 0x0b, 0xf3, 0x00, 0x00, 0x01, 0xfe, 0x10, 0x2f, 0xd0,
    0x00, 0x00, 0x00, 0xbf, 0x60, 0x7f, 0x80, 0x00, 0x00, 0x00, 0x5f, 0xc0, 0xdf, 0x20, 0x00, 0x00,
    0x00, 0x0e, 0xf3, 0x00, 0x1f, 0x30, 0x0b, 0x70, 0x00, 0x00, 0xbd, 0x7a, 0xf3, 0x00, 0x00, 0x02,
    0xbe, 0xd5, 0x00, 0x00, 0x00, 0x00, 0x00, 0x00, 0x00, 0x00, 0x4a, 0xef, 0xeb, 0x50, 0x00, 0x6f,
    0xd9, 0x8a, 0xff, 0x40, 0x0b, 0xe1, 0x00, 0x05, 0xf9, 0x00, 0x00, 0x00, 0x00, 0x1f, 0xb0, 0x00,
    0x02, 0x47, 0x9d, 0xfb, 0x00, 0x2b, 0xff, 0xfd, 0xaf, 0xb0, 0x0c, 0xf8, 0x30, 0x01, 0xfb, 0x03,
    0xfb, 0x00, 0x00, 0x4f, 0xb0, 0x3f, 0xc0, 0x00, 0x1c, 0xfb, 0x00, 0xcf, 0xc8, 0x9e, 0xde, 0xc0,
    0x02, 0x9d, 0xfd, 0x71, 0xaf, 0x20, 0x00, 0x7f, 0xff, 0xff, 0xed, 0x92, 0x00, 0x00, 0x07, 0xfd,
    0xbb, 0xbc, 0xef, 0xf5, 0x00, 0x00, 0x7f, 0x70, 0x00, 0x00, 0x7f, 0xe2, 0x00, 0x07, 0xf7, 0x00,
    0x00, 0x00, 0x8f, 0x90, 0x00, 0x7f, 0x70, 0x00, 0x00, 0x01, 0xee, 0x00, 0x07, 0xf7, 0x00, 0x00,
    0x00, 0x0b, 0xf3, 0x00, 0x7f, 0x70, 0x00, 0x00, 0x00, 0xaf, 0x50, 0xff, 0xff, 0xff, 0xf6, 0x00,
    0x09, 0xf5, 0x04, 0x9f, 0x94, 0x44, 0x20, 0x00, 0xaf, 0x40, 0x07, 0xf7, 0x00, 0x00, 0x00, 0x0c,
    0xf3, 0x00, 0x7f, 0x70, 0x00, 0x00, 0x01, 0xfe, 0x00, 0x07, 0xf7, 0x00, 0x00, 0x00, 0x8f, 0x90,
    0x00, 0x7f, 0x70, 0x00, 0x00, 0x7f, 0xe2, 0x00, 0x07, 0xfd, 0xbb, 0xbc, 0xef, 0xe4, 0x00, 0x00,
    0x7f, 0xff, 0xff, 0xfd, 0x92, 0x00, 0x00, 0x00, 0x00, 0x00, 0x01, 0xfa, 0x00, 0x00, 0x00, 0x7f,
    0xff, 0xff, 0xf1, 0x00, 0x00, 0x24, 0x45, 0xfb, 0x40, 0x00, 0x00, 0x00, 0x01, 0xfa, 0x00, 0x00,
    0x2a, 0xee, 0xa3, 0xfa, 0x00, 0x02, 0xef, 0xa9, 0xde, 0xfa, 0x00, 0x0a, 0xf5, 0x00, 0x1c, 0xfa,
    0x00, 0x1f, 0xb0, 0x00, 0x04, 0xfa, 0x00, 0x3f, 0x80, 0x00, 0x00, 0xfa, 0x00, 0x4f, 0x70, 0x00,
    0x00, 0xea, 0x00, 0x3f, 0x80, 0x00, 0x00, 0xfa, 0x00, 0x1f, 0xc0, 0x00, 0x03, 0xfa, 0x00, 0x0a,
    0xf6, 0x00, 0x1b, 0xfa, 0x00, 0x01, 0xdf, 0xb8, 0xdd, 0xfa, 0x00, 0x00, 0x29, 0xee, 0xb2, 0xea,
    0x00, 0x1b, 0xda, 0x59, 0xc8, 0xd4, 0x8e, 0xe5, 0x00, 0x00, 0x00, 0x00, 0x02, 0xfc, 0x00, 0x00,
    0x2f, 0xc0, 0x00, 0x02, 0xfc, 0x00, 0x00, 0x2f, 0xc0, 0x00, 0x02, 0xfc, 0x00, 0x00, 0x2f, 0xc0,
    0x00, 0x02, 0xfc, 0x00, 0x00, 0x2f, 0xc0, 0x00, 0x02, 0xfc, 0x00, 0x00, 0x2f, 0xc0, 0x00, 0x02,
    0xfc, 0x00, 0x00, 0x2f, 0xc0, 0x00, 0x02, 0xfc, 0x00, 0x00, 0x2f, 0xc0, 0x00, 0x02, 0xfc, 0x00,
    0x09, 0xdb, 0x67, 0xe0, 0x5f, 0x47, 0xde, 0x70, 0x00, 0x00, 0x00, 0x00, 0x00, 0x1f, 0xa0, 0x00,
    0x00, 0x1f, 0xa0, 0x00, 0x00, 0x1f, 0xa0, 0x00, 0x00, 0x1f, 0xa0, 0x00, 0x00, 0x1f, 0xa0, 0x00,
    0x00, 0x1f, 0xa0, 0x00, 0x00, 0x1f, 0xa0, 0x00, 0x00, 0x1f, 0xa0, 0x00, 0x00, 0x1f, 0xa0, 0x00,
    0x00, 0x1f, 0xa0, 0x00, 0x00, 0x1f, 0xa0, 0x00, 0x00, 0x03, 0xce, 0x95, 0xc9, 0x00, 0x00, 0x0b,
    0xb4, 0x9e, 0xc2, 0x00, 0x00, 0x00, 0x00, 0x00, 0x00, 0x00, 0x6f, 0x70, 0x00, 0x00, 0x01, 0xfc,
    0x6f, 0x70, 0x00, 0x00, 0x01, 0xfc, 0x6f, 0x70, 0x00, 0x00, 0x01, 0xfc, 0x6f, 0x70, 0x00, 0x00,
    0x01, 0xfc, 0x6f, 0x70, 0x00, 0x00, 0x01, 0xfc, 0x6f, 0x70, 0x00, 0x00, 0x01, 0xfc, 0x6f, 0x70,
    0x00, 0x00, 0x01, 0xfc, 0x6f, 0x70, 0x00, 0x00, 0x01, 0xfc, 0x6f, 0x70, 0x00, 0x00, 0x01, 0xfc,
    0x5f, 0x80, 0x00, 0x00, 0x02, 0xfc, 0x4f, 0x90, 0x00, 0x00, 0x04, 0xfa, 0x1f, 0xd0, 0x00, 0x00,
    0x08, 0xf7, 0x0a, 0xfa, 0x10, 0x00, 0x5e, 0xf2, 0x02, 0xdf, 0xfc, 0xce, 0xff, 0x60, 0x00, 0x18,
    0xce, 0xfd, 0xa3, 0x00, 0x01, 0xbe, 0xa6, 0xac, 0x00, 0x8d, 0x48, 0xdd, 0x40, 0x00, 0x00, 0x00,
    0x00, 0x0b, 0xf0, 0x00, 0x01, 0xfa, 0xbf, 0x00, 0x00, 0x1f, 0xab, 0xf0, 0x00, 0x01, 0xfa, 0xbf,
    0x00, 0x00, 0x1f, 0xab, 0xf0, 0x00, 0x01, 0xfa, 0xbf, 0x00, 0x00, 0x1f, 0xab, 0xf1, 0x00, 0x02,
    0xfa, 0xaf, 0x10, 0x00, 0x4f, 0xa8, 0xf6, 0x00, 0x0b, 0xfa, 0x3f, 0xf9, 0x8d, 0xde, 0xa0, 0x4c,
    0xee, 0x91, 0xda, 0x00, 0x00, 0x39, 0xdf, 0xec, 0x71, 0x00, 0x3f, 0xa0, 0x00, 0x8f, 0xff, 0xff,
    0xff, 0xe3, 0x03, 0xfa, 0x00, 0x7f, 0xf8, 0x20, 0x15, 0xcf, 0xe3, 0x05, 0x90, 0x2f, 0xf4, 0x00,
    0x00, 0x00, 0xaf, 0xb1, 0xb3, 0x08, 0xf9, 0x00, 0x00, 0x00, 0x01, 0xef, 0xc4, 0x00, 0xcf, 0x30,
    0x00, 0x00, 0x00, 0x09, 0xf7, 0x00, 0x0e, 0xf0, 0x00, 0x00, 0x00, 0x00, 0x6f, 0x80, 0x00, 0xfe,
    0x00, 0x00, 0x00, 0x00, 0x05, 0xf9, 0x00, 0x0e, 0xf0, 0x00, 0x00, 0x00, 0x00, 0x6f, 0x80, 0x00,
    0xcf, 0x30, 0x00, 0x00, 0x00, 0x09, 0xf6, 0x00, 0x08, 0xf8, 0x00, 0x00, 0x00, 0x01, 0xef, 0x10,
    0x00, 0x2e, 0xf4, 0x00, 0x00, 0x00, 0xaf, 0xa0, 0x00, 0x00, 0x6f, 0xf8, 0x30, 0x14, 0xbf, 0xe1,
    0x00, 0x00, 0x00, 0x6f, 0xff, 0xff, 0xff, 0xd2, 0x00, 0x00, 0x00, 0x00, 0x29, 0xde, 0xeb, 0x61,
    0x00, 0x00, 0x00, 0x00, 0x19, 0xdf, 0xd9, 0x20, 0x6f, 0x80, 0x2d, 0xff, 0xff, 0xfe, 0x26, 0xf7,
    0x0b, 0xfc, 0x31, 0x3b, 0xfb, 0x08, 0x61, 0xfe, 0x10, 0x00, 0x1d, 0xf3, 0xc2, 0x4f, 0x90, 0x00,
    0x00, 0x8f, 0xd3, 0x05, 0xf8, 0x00, 0x00, 0x07, 0xf5, 0x00, 0x4f, 0x90, 0x00, 0x00, 0x9f, 0x40,
    0x01, 0xfe, 0x10, 0x00, 0x1d, 0xf1, 0x00, 0x0a, 0xfb, 0x31, 0x3b, 0xfb, 0x00, 0x00, 0x2d, 0xff,
    0xff, 0xfd, 0x20, 0x00, 0x00, 0x29, 0xdf, 0xd8, 0x10, 0x00, 0x00, 0x6f, 0x70, 0x00, 0x00, 0x01,
    0xfc, 0x09, 0xf4, 0x6f, 0x70, 0x00, 0x00, 0x01, 0xfc, 0x09, 0xf4, 0x6f, 0x70, 0x00, 0x00, 0x01,
    0xfc, 0x00, 0xb3, 0x6f, 0x70, 0x00, 0x00, 0x01, 0xfc, 0x00, 0xd1, 0x6f, 0x70, 0x00, 0x00, 0x01,
    0xfc, 0x19, 0x90, 0x6f, 0x70, 0x00, 0x00, 0x01, 0xff, 0xd8, 0x00, 0x6f, 0x70, 0x00, 0x00, 0x01,
    0xfc, 0x00, 0x00, 0x6f, 0x70, 0x00, 0x00, 0x01, 0xfc, 0x00, 0x00, 0x6f, 0x70, 0x00, 0x00, 0x01,
    0xfc, 0x00, 0x00, 0x5f, 0x80, 0x00, 0x00, 0x02, 0xfc, 0x00, 0x00, 0x4f, 0xa0, 0x00, 0x00, 0x04,
    0xfb, 0x00, 0x00, 0x1f, 0xe1, 0x00, 0x00, 0x0a, 0xf8, 0x00, 0x00, 0x0a, 0xfd, 0x41, 0x02, 0x8f,
    0xf2, 0x00, 0x00, 0x02, 0xdf, 0xff, 0xff, 0xff, 0x60, 0x00, 0x00, 0x00, 0x18, 0xce, 0xfd, 0xa3,
    0x00, 0x00, 0x00, 0xbf, 0x00, 0x00, 0x1f, 0xa1, 0xfc, 0xbf, 0x00, 0x00, 0x1f, 0xa1, 0xfc, 0xbf,
    0x00, 0x00, 0x1f, 0xa0, 0x3a, 0xbf, 0x00, 0x00, 0x1f, 0xa0, 0xa5, 0xbf, 0x00, 0x00, 0x1f, 0xdb,
    0x50, 0xbf, 0x00, 0x00, 0x1f, 0xa0, 0x00, 0xbf, 0x10, 0x00, 0x2f, 0xa0, 0x00, 0xaf, 0x20, 0x00,
    0x6f, 0xa0, 0x00, 0x8f, 0xb2, 0x15, 0xef, 0xa0, 0x00, 0x2f, 0xff, 0xff, 0x9d, 0xa0, 0x00, 0x04,
    0xbe, 0xe8, 0x0d, 0xa0, 0x00, 0x00, 0x00, 0x0b, 0xfb, 0x00, 0x00, 0x00, 0x00, 0x00, 0x1f, 0xef,
    0x20, 0x00, 0x00, 0x00, 0x00, 0x7f, 0x7f, 0x70, 0x00, 0x00, 0x00, 0x00, 0xce, 0x0e, 0xd0, 0x00,
    0x00, 0x00, 0x03, 0xfa, 0x09, 0xf4, 0x00, 0x00, 0x00, 0x08, 0xf5, 0x04, 0xfa, 0x00, 0x00, 0x00,
    0x0e, 0xe0, 0x00, 0xef, 0x10, 0x00, 0x00, 0x4f, 0x90, 0x00, 0x9f, 0x70, 0x00, 0x00, 0xaf, 0x40,
    0x00, 0x3f, 0xd0, 0x00, 0x01, 0xef, 0xff, 0xff, 0xff, 0xf3, 0x00, 0x06, 0xfb, 0x88, 0x88, 0x8a,
    0xf9, 0x00, 0x0b, 0xf3, 0x00, 0x00, 0x01, 0xfe, 0x10, 0x2f, 0xd0, 0x00, 0x00, 0x00, 0xbf, 0x60,
    0x7f, 0x80, 0x00, 0x00, 0x00, 0x5f, 0xc0, 0xdf, 0x20, 0x00, 0x00, 0x00, 0x0e, 0xf3, 0x00, 0x00,
    0x00, 0x00, 0x00, 0x00, 0x00, 0x00, 0x00, 0x07, 0xf8, 0x00, 0x00, 0x00, 0x00, 0x00, 0x07, 0xf8,
    0x00, 0x00, 0x00, 0x00, 0x4a, 0xef, 0xeb, 0x50, 0x00, 0x6f, 0xd9, 0x8a, 0xff, 0x40, 0x0b, 0xe1,
    0x00, 0x05, 0xf9, 0x00, 0x00, 0x00, 0x00, 0x1f, 0xb0, 0x00, 0x02, 0x47, 0x9d, 0xfb, 0x00, 0x2b,
    0xff, 0xfd, 0xaf, 0xb0, 0x0c, 0xf8, 0x30, 0x01, 0xfb, 0x03, 0xfb, 0x00, 0x00, 0x4f, 0xb0, 0x3f,
    0xc0, 0x00, 0x1c, 0xfb, 0x00, 0xcf, 0xc8, 0x9e, 0xde, 0xc0, 0x02, 0x9d, 0xfd, 0x71, 0xaf, 0x20,
    0x00, 0x00, 0x00, 0x00, 0x00, 0x00, 0x00, 0x8f, 0x70, 0x00, 0x00, 0x00, 0x08, 0xf7, 0x00, 0x00,
    0x00, 0x00, 0x5f, 0xeb, 0x20, 0x00, 0x00, 0x00, 0x00, 0x00, 0x3e, 0xb0, 0x00, 0x00, 0x00, 0x00,
    0x01, 0xfd, 0x50, 0x00, 0x00, 0x00, 0x00, 0x00, 0x00, 0x00, 0x00, 0x00, 0x00, 0x00, 0x0b, 0xfb,
    0x00, 0x00, 0x00, 0x00, 0x00, 0x1f, 0xef, 0x20, 0x00, 0x00, 0x00, 0x00, 0x7f, 0x7f, 0x70, 0x00,
    0x00, 0x00, 0x00, 0xce, 0x0e, 0xd0, 0x00, 0x00, 0x00, 0x03, 0xfa, 0x09, 0xf4, 0x00, 0x00, 0x00,
    0x08, 0xf5, 0x04, 0xfa, 0x00, 0x00, 0x00, 0x0e, 0xe0, 0x00, 0xef, 0x10, 0x00, 0x00, 0x4f, 0x90,
    0x00, 0x9f, 0x70, 0x00, 0x00, 0xaf, 0x40, 0x00, 0x3f, 0xd0, 0x00, 0x01, 0xef, 0xff, 0xff, 0xff,
    0xf3, 0x00, 0x06, 0xfb, 0x88, 0x88, 0x8a, 0xf9, 0x00, 0x0b, 0xf3, 0x00, 0x00, 0x01, 0xfe, 0x10,
    0x2f, 0xd0, 0x00, 0x00, 0x00, 0xbf, 0x60, 0x7f, 0x80, 0x00, 0x00, 0x00, 0x5f, 0xc0, 0xdf, 0x20,
    0x00, 0x00, 0x00, 0x0e, 0xf3, 0x00, 0x02, 0xff, 0xc5, 0x00, 0x00, 0x00, 0x00, 0x1c, 0xf0, 0x00,
    0x00, 0x00, 0x0c, 0xe8, 0x00, 0x00, 0x00, 0x00, 0x00, 0x00, 0x00, 0x00, 0x4a, 0xef, 0xeb, 0x50,
    0x00, 0x6f, 0xd9, 0x8a, 0xff, 0x40, 0x0b, 0xe1, 0x00, 0x05, 0xf9, 0x00, 0x00, 0x00, 0x00, 0x1f,
    0xb0, 0x00, 0x02, 0x47, 0x9d, 0xfb, 0x00, 0x2b, 0xff, 0xfd, 0xaf, 0xb0, 0x0c, 0xf8, 0x30, 0x01,
    0xfb, 0x03, 0xfb, 0x00, 0x00, 0x4f, 0xb0, 0x3f, 0xc0, 0x00, 0x1c, 0xfb, 0x00, 0xcf, 0xc8, 0x9e,
    0xde, 0xc0, 0x02, 0x9d, 0xfd, 0x71, 0xaf, 0x20, 0x00, 0x00, 0x00, 0x8f, 0x70, 0x00, 0x00, 0x00,
    0x00, 0x03, 0xe5, 0x00, 0x00, 0x00, 0x00, 0x00, 0x2d, 0xfc, 0x10, 0x00, 0x00, 0x00, 0x02, 0xda,
    0x2c, 0xd1, 0x00, 0x00, 0x00, 0x00, 0x0b, 0xfb, 0x00, 0x00, 0x00, 0x00, 0x00, 0x1f, 0xef, 0x20,
    0x00, 0x00, 0x00, 0x00, 0x7f, 0x7f, 0x70, 0x00, 0x00, 0x00, 0x00, 0xce, 0x0e, 0xd0, 0x00, 0x00,
    0x00, 0x03, 0xfa, 0x09, 0xf4, 0x00, 0x00, 0x00, 0x08, 0xf5, 0x04, 0xfa, 0x00, 0x00, 0x00, 0x0e,
    0xe0, 0x00, 0xef, 0x10, 0x00, 0x00, 0x4f, 0x90, 0x00, 0x9f, 0x70, 0x00, 0x00, 0xaf, 0x40, 0x00,
    0x3f, 0xd0, 0x00, 0x01, 0xef, 0xff, 0xff, 0xff, 0xf3, 0x00, 0x06, 0xfb, 0x88, 0x88, 0x8a, 0xf9,
    0x00, 0x0b, 0xf3, 0x00, 0x00, 0x01, 0xfe, 0x10, 0x2f, 0xd0, 0x00, 0x00, 0x00, 0xbf, 0x60, 0x7f,
    0x80, 0x00, 0x00, 0x00, 0x5f, 0xc0, 0xdf, 0x20, 0x00, 0x00, 0x00, 0x0e, 0xf3, 0x00, 0x00, 0x06,
    0xfc, 0x00, 0x00, 0x00, 0x00, 0xce, 0x20, 0x00, 0x00, 0x00, 0x4f, 0x50, 0x00, 0x00, 0x00, 0x00,
    0x00, 0x00, 0x00, 0x00, 0x00, 0xcf, 0xb0, 0x00, 0x00, 0x00, 0x8f, 0x9f, 0x70, 0x00, 0x00, 0x4f,
    0xb0, 0xaf, 0x40, 0x00, 0x00, 0x00, 0x00, 0x00, 0x00, 0x00, 0x4a, 0xef, 0xeb, 0x50, 0x00, 0x6f,
    0xd9, 0x8a, 0xff, 0x40, 0x0b, 0xe1, 0x00, 0x05, 0xf9, 0x00, 0x00, 0x00, 0x00, 0x1f, 0xb0, 0x00,
    0x02, 0x47, 0x9d, 0xfb, 0x00, 0x2b, 0xff, 0xfd, 0xaf, 0xb0, 0x0c, 0xf8, 0x30, 0x01, 0xfb, 0x03,
    0xfb, 0x00, 0x00, 0x4f, 0xb0, 0x3f, 0xc0, 0x00, 0x1c, 0xfb, 0x00, 0xcf, 0xc8, 0x9e, 0xde, 0xc0,
    0x02, 0x9d, 0xfd, 0x71, 0xaf, 0x20, 0x00, 0x00, 0x8f, 0x60, 0x00, 0x00, 0x00, 0x00, 0x00, 0x07,
    0xe2, 0x00, 0x00, 0x00, 0x00, 0x00, 0x2d, 0xfc, 0x10, 0x00, 0x00, 0x00, 0x02, 0xda, 0x2c, 0xd1,
    0x00, 0x00, 0x00, 0x00, 0x0b, 0xfb, 0x00, 0x00, 0x00, 0x00, 0x00, 0x1f, 0xef, 0x20, 0x00, 0x00,
    0x00, 0x00, 0x7f, 0x7f, 0x70, 0x00, 0x00, 0x00, 0x00, 0xce, 0x0e, 0xd0, 0x00, 0x00, 0x00, 0x03,
    0xfa, 0x09, 0xf4, 0x00, 0x00, 0x00, 0x08, 0xf5, 0x04, 0xfa, 0x00, 0x00, 0x00, 0x0e, 0xe0, 0x00,
    0xef, 0x10, 0x00, 0x00, 0x4f, 0x90, 0x00, 0x9f, 0x70, 0x00, 0x00, 0xaf, 0x40, 0x00, 0x3f, 0xd0,
    0x00, 0x01, 0xef, 0xff, 0xff, 0xff, 0xf3, 0x00, 0x06, 0xfb, 0x88, 0x88, 0x8a, 0xf9, 0x00, 0x0b,
    0xf3, 0x00, 0x00, 0x01, 0xfe, 0x10, 0x2f, 0xd0, 0x00, 0x00, 0x00, 0xbf, 0x60, 0x7f, 0x80, 0x00,
    0x00, 0x00, 0x5f, 0xc0, 0xdf, 0x20, 0x00, 0x00, 0x00, 0x0e, 0xf3, 0x00, 0x1d, 0xf4, 0x00, 0x00,
    0x00, 0x00, 0x3f, 0xb0, 0x00, 0x00, 0x00, 0x00, 0x6f, 0x30, 0x00, 0x00, 0x00, 0x00, 0x00, 0x00,
    0x00, 0x00, 0x00, 0xcf, 0xb0, 0x00, 0x00, 0x00, 0x8f, 0x9f, 0x70, 0x00, 0x00, 0x4f, 0xb0, 0xaf,
    0x40, 0x00, 0x00, 0x00, 0x00, 0x00, 0x00, 0x00, 0x4a, 0xef, 0xeb, 0x50, 0x00, 0x6f, 0xd9, 0x8a,
    0xff, 0x40, 0x0b, 0xe1, 0x00, 0x05, 0xf9, 0x00, 0x00, 0x00, 0x00, 0x1f, 0xb0, 0x00, 0x02, 0x47,
    0x9d, 0xfb, 0x00, 0x2b, 0xff, 0xfd, 0xaf, 0xb0, 0x0c, 0xf8, 0x30, 0x01, 0xfb, 0x03, 0xfb, 0x00,
    0x00, 0x4f, 0xb0, 0x3f, 0xc0, 0x00, 0x1c, 0xfb, 0x00, 0xcf, 0xc8, 0x9e, 0xde, 0xc0, 0x02, 0x9d,
    0xfd, 0x71, 0xaf, 0x20, 0x00, 0x00, 0x3f, 0xfd, 0x40, 0x00, 0x00, 0x00, 0x00, 0x00, 0xee, 0x50,
    0x00, 0x00, 0x00, 0x00, 0x2d, 0xfc, 0x10, 0x00, 0x00, 0x00, 0x02, 0xda, 0x2c, 0xd1, 0x00, 0x00,
    0x00, 0x00, 0x0b, 0xfb, 0x00, 0x00, 0x00, 0x00, 0x00, 0x1f, 0xef, 0x20, 0x00, 0x00, 0x00, 0x00,
    0x7f, 0x7f, 0x70, 0x00, 0x00, 0x00, 0x00, 0xce, 0x0e, 0xd0, 0x00, 0x00, 0x00, 0x03, 0xfa, 0x09,
    0xf4, 0x00, 0x00, 0x00, 0x08, 0xf5, 0x04, 0xfa, 0x00, 0x00, 0x00, 0x0e, 0xe0, 0x00, 0xef, 0x10,
    0x00, 0x00, 0x4f, 0x90, 0x00, 0x9f, 0x70, 0x00, 0x00, 0xaf, 0x40, 0x00, 0x3f, 0xd0, 0x00, 0x01,
    0xef, 0xff, 0xff, 0xff, 0xf3, 0x00, 0x06, 0xfb, 0x88, 0x88, 0x8a, 0xf9, 0x00, 0x0b, 0xf3, 0x00,
    0x00, 0x01, 0xfe, 0x10, 0x2f, 0xd0, 0x00, 0x00, 0x00, 0xbf, 0x60, 0x7f, 0x80, 0x00, 0x00, 0x00,
    0x5f, 0xc0, 0xdf, 0x20, 0x00, 0x00, 0x00, 0x0e, 0xf3, 0x00, 0x05, 0xfe, 0xb3, 0x00, 0x00, 0x00,
    0x00, 0x3e, 0xb0, 0x00, 0x00, 0x00, 0x1f, 0xd6, 0x00, 0x00, 0x00, 0x00, 0x00, 0x00, 0x00, 0x00,
    0x00, 0xcf, 0xb0, 0x00, 0x00, 0x00, 0x8f, 0x9f, 0x70, 0x00, 0x00, 0x4f, 0xb0, 0xaf, 0x40, 0x00,
    0x00, 0x00, 0x00, 0x00, 0x00, 0x00, 0x4a, 0xef, 0xeb, 0x50, 0x00, 0x6f, 0xd9, 0x8a, 0xff, 0x40,
    0x0b, 0xe1, 0x00, 0x05, 0xf9, 0x00, 0x00, 0x00, 0x00, 0x1f, 0xb0, 0x00, 0x02, 0x47, 0x9d, 0xfb,
    0x00, 0x2b, 0xff, 0xfd, 0xaf, 0xb0, 0x0c, 0xf8, 0x30, 0x01, 0xfb, 0x03, 0xfb, 0x00, 0x00, 0x4f,
    0xb0, 0x3f, 0xc0, 0x00, 0x1c, 0xfb, 0x00, 0xcf, 0xc8, 0x9e, 0xde, 0xc0, 0x02, 0x9d, 0xfd, 0x71,
    0xaf, 0x20, 0x00, 0x02, 0xce, 0x92, 0x5b, 0x00, 0x00, 0x00, 0x09, 0x62, 0x8e, 0xd4, 0x00, 0x00,
    0x00, 0x00, 0x2d, 0xfc, 0x10, 0x00, 0x00, 0x00, 0x02, 0xda, 0x2c, 0xd1, 0x00, 0x00, 0x00, 0x00,
    0x0b, 0xfb, 0x00, 0x00, 0x00, 0x00, 0x00, 0x1f, 0xef, 0x20, 0x00, 0x00, 0x00, 0x00, 0x7f, 0x7f,
    0x70, 0x00, 0x00, 0x00, 0x00, 0xce, 0x0e, 0xd0, 0x00, 0x00, 0x00, 0x03, 0xfa, 0x09, 0xf4, 0x00,
    0x00, 0x00, 0x08, 0xf5, 0x04, 0xfa, 0x00, 0x00, 0x00, 0x0e, 0xe0, 0x00, 0xef, 0x10, 0x00, 0x00,
    0x4f, 0x90, 0x00, 0x9f, 0x70, 0x00, 0x00, 0xaf, 0x40, 0x00, 0x3f, 0xd0, 0x00, 0x01, 0xef, 0xff,
    0xff, 0xff, 0xf3, 0x00, 0x06, 0xfb, 0x88, 0x88, 0x8a, 0xf9, 0x00, 0x0b, 0xf3, 0x00, 0x00, 0x01,
    0xfe, 0x10, 0x2f, 0xd0, 0x00, 0x00, 0x00, 0xbf, 0x60, 0x7f, 0x80, 0x00, 0x00, 0x00, 0x5f, 0xc0,
    0xdf, 0x20, 0x00, 0x00, 0x00, 0x0e, 0xf3, 0x00, 0x2c, 0xe8, 0x2a, 0xb0, 0x00, 0x0a, 0xb1, 0x8e,
    0xd4, 0x00, 0x00, 0x00, 0x00, 0x00, 0x00, 0x00, 0x00, 0x0c, 0xfb, 0x00, 0x00, 0x00, 0x08, 0xf9,
    0xf7, 0x00, 0x00, 0x04, 0xfb, 0x0a, 0xf4, 0x00, 0x00, 0x00, 0x00, 0x00, 0x00, 0x00, 0x04, 0xae,
    0xfe, 0xb5, 0x00, 0x06, 0xfd, 0x98, 0xaf, 0xf4, 0x00, 0xbe, 0x10, 0x00, 0x5f, 0x90, 0x00, 0x00,
    0x00, 0x01, 0xfb, 0x00, 0x00, 0x24, 0x79, 0xdf, 0xb0, 0x02, 0xbf, 0xff, 0xda, 0xfb, 0x00, 0xcf,
    0x83, 0x00, 0x1f, 0xb0, 0x3f, 0xb0, 0x00, 0x04, 0xfb, 0x03, 0xfc, 0x00, 0x01, 0xcf, 0xb0, 0x0c,
    0xfc, 0x89, 0xed, 0xec, 0x00, 0x29, 0xdf, 0xd7, 0x1a, 0xf2, 0x00, 0x00, 0x2d, 0xfc, 0x10, 0x00,
    0x00, 0x00, 0x02, 0xda, 0x2c, 0xd1, 0x00, 0x00, 0x00, 0x00, 0x00, 0x00, 0x00, 0x00, 0x00, 0x00,
    0x00, 0x0b, 0xfb, 0x00, 0x00, 0x00, 0x00, 0x00, 0x1f, 0xef, 0x20, 0x00, 0x00, 0x00, 0x00, 0x7f,
    0x7f, 0x70, 0x00, 0x00, 0x00, 0x00, 0xce, 0x0e, 0xd0, 0x00, 0x00, 0x00, 0x03, 0xfa, 0x09, 0xf4,
    0x00, 0x00, 0x00, 0x08, 0xf5, 0x04, 0xfa, 0x00, 0x00, 0x00, 0x0e, 0xe0, 0x00, 0xef, 0x10, 0x00,
    0x00, 0x4f, 0x90, 0x00, 0x9f, 0x70, 0x00, 0x00, 0xaf, 0x40, 0x00, 0x3f, 0xd0, 0x00, 0x01, 0xef,
    0xff, 0xff, 0xff, 0xf3, 0x00, 0x06, 0xfb, 0x88, 0x88, 0x8a, 0xf9, 0x00, 0x0b, 0xf3, 0x00, 0x00,
    0x01, 0xfe, 0x10, 0x2f, 0xd0, 0x00, 0x00, 0x00, 0xbf, 0x60, 0x7f, 0x80, 0x00, 0x00, 0x00, 0x5f,
    0xc0, 0xdf, 0x20, 0x00, 0x00, 0x00, 0x0e, 0xf3, 0x00, 0x00, 0x00, 0x00, 0x00, 0x00, 0x00, 0x00,
    0x00, 0x07, 0xf8, 0x00, 0x00, 0x00, 0x00, 0x00, 0x07, 0xf8, 0x00, 0x00, 0x00, 0x00, 0x00, 0xcf,
    0xb0, 0x00, 0x00, 0x00, 0x8f, 0x9f, 0x70, 0x00, 0x00, 0x4f, 0xb0, 0xaf, 0x40, 0x00, 0x00, 0x00,
    0x00, 0x00, 0x00, 0x00, 0x4a, 0xef, 0xeb, 0x50, 0x00, 0x6f, 0xd9, 0x8a, 0xff, 0x40, 0x0b, 0xe1,
    0x00, 0x05, 0xf9, 0x00, 0x00, 0x00, 0x00, 0x1f, 0xb0, 0x00, 0x02, 0x47, 0x9d, 0xfb, 0x00, 0x2b,
    0xff, 0xfd, 0xaf, 0xb0, 0x0c, 0xf8, 0x30, 0x01, 0xfb, 0x03, 0xfb, 0x00, 0x00, 0x4f, 0xb0, 0x3f,
    0xc0, 0x00, 0x1c, 0xfb, 0x00, 0xcf, 0xc8, 0x9e, 0xde, 0xc0, 0x02, 0x9d, 0xfd, 0x71, 0xaf, 0x20,
    0x00, 0x00, 0x00, 0x00, 0x00, 0x00, 0x00, 0x8f, 0x70, 0x00, 0x00, 0x00, 0x08, 0xf7, 0x00, 0x00,
    0x00, 0x00, 0x00, 0x8f, 0x70, 0x00, 0x00, 0x00, 0x00, 0x03, 0xe5, 0x00, 0x00, 0x00, 0x00, 0x01,
    0xc4, 0x03, 0xb3, 0x00, 0x00, 0x00, 0x00, 0x3c, 0xfd, 0x60, 0x00, 0x00, 0x00, 0x00, 0x0b, 0xfb,
    0x00, 0x00, 0x00, 0x00, 0x00, 0x1f, 0xef, 0x20, 0x00, 0x00, 0x00, 0x00, 0x7f, 0x7f, 0x70, 0x00,
    0x00, 0x00, 0x00, 0xce, 0x0e, 0xd0, 0x00, 0x00, 0x00, 0x03, 0xfa, 0x09, 0xf4, 0x00, 0x00, 0x00,
    0x08, 0xf5, 0x04, 0xfa, 0x00, 0x00, 0x00, 0x0e, 0xe0, 0x00, 0xef, 0x10, 0x00, 0x00, 0x4f, 0x90,
    0x00, 0x9f, 0x70, 0x00, 0x00, 0xaf, 0x40, 0x00, 0x3f, 0xd0, 0x00, 0x01, 0xef, 0xff, 0xff, 0xff,
    0xf3, 0x00, 0x06, 0xfb, 0x88, 0x88, 0x8a, 0xf9, 0x00, 0x0b, 0xf3, 0x00, 0x00, 0x01, 0xfe, 0x10,
    0x2f, 0xd0, 0x00, 0x00, 0x00, 0xbf, 0x60, 0x7f, 0x80, 0x00, 0x00, 0x00, 0x5f, 0xc0, 0xdf, 0x20,
    0x00, 0x00, 0x00, 0x0e, 0xf3, 0x00, 0x00, 0x06, 0xfb, 0x00, 0x00, 0x00, 0x00, 0xde, 0x20, 0x00,
    0x00, 0x00, 0x4f, 0x40, 0x00, 0x00, 0x00, 0x00, 0x00, 0x00, 0x00, 0x00, 0x1f, 0x30, 0x0b, 0x70,
    0x00, 0x00, 0xbd, 0x7a, 0xf3, 0x00, 0x00, 0x02, 0xbe, 0xd5, 0x00, 0x00, 0x00, 0x00, 0x00, 0x00,
    0x00, 0x00, 0x4a, 0xef, 0xeb, 0x50, 0x00, 0x6f, 0xd9, 0x8a, 0xff, 0x40, 0x0b, 0xe1, 0x00, 0x05,
    0xf9, 0x00, 0x00, 0x00, 0x00, 0x1f, 0xb0, 0x00, 0x02, 0x47, 0x9d, 0xfb, 0x00, 0x2b, 0xff, 0xfd,
    0xaf, 0xb0, 0x0c, 0xf8, 0x30, 0x01, 0xfb, 0x03, 0xfb, 0x00, 0x00, 0x4f, 0xb0, 0x3f, 0xc0, 0x00,
    0x1c, 0xfb, 0x00, 0xcf, 0xc8, 0x9e, 0xde, 0xc0, 0x02, 0x9d, 0xfd, 0x71, 0xaf, 0x20, 0x00, 0x00,
    0x8f, 0x60, 0x00, 0x00, 0x00, 0x00, 0x00, 0x07, 0xe2, 0x00, 0x00, 0x00, 0x00, 0x01, 0xc4, 0x03,
    0xb3, 0x00, 0x00, 0x00, 0x00, 0x3c, 0xfd, 0x60, 0x00, 0x00, 0x00, 0x00, 0x0b, 0xfb, 0x00, 0x00,
    0x00, 0x00, 0x00, 0x1f, 0xef, 0x20, 0x00, 0x00, 0x00, 0x00, 0x7f, 0x7f, 0x70, 0x00, 0x00, 0x00,
    0x00, 0xce, 0x0e, 0xd0, 0x00, 0x00, 0x00, 0x03, 0xfa, 0x09, 0xf4, 0x00, 0x00, 0x00, 0x08, 0xf5,
    0x04, 0xfa, 0x00, 0x00, 0x00, 0x0e, 0xe0, 0x00, 0xef, 0x10, 0x00, 0x00, 0x4f, 0x90, 0x00, 0x9f,
    0x70, 0x00, 0x00, 0xaf, 0x40, 0x00, 0x3f, 0xd0, 0x00, 0x01, 0xef, 0xff, 0xff, 0xff, 0xf3, 0x00,
    0x06, 0xfb, 0x88, 0x88, 0x8a, 0xf9, 0x00, 0x0b, 0xf3, 0x00, 0x00, 0x01, 0xfe, 0x10, 0x2f, 0xd0,
    0x00, 0x00, 0x00, 0xbf, 0x60, 0x7f, 0x80, 0x00, 0x00, 0x00, 0x5f, 0xc0, 0xdf, 0x20, 0x00, 0x00,
    0x00, 0x0e, 0xf3, 0x00, 0x07, 0xfb, 0x00, 0x00, 0x00, 0x00, 0x0a, 0xf3, 0x00, 0x00, 0x00, 0x00,
    0x1d, 0xa0, 0x00, 0x00, 0x00, 0x00, 0x00, 0x00, 0x00, 0x00, 0x1f, 0x30, 0x0b, 0x70, 0x00, 0x00,
    0xbd, 0x7a, 0xf3, 0x00, 0x00, 0x02, 0xbe, 0xd5, 0x00, 0x00, 0x00, 0x00, 0x00, 0x00, 0x00, 0x00,
    0x4a, 0xef, 0xeb, 0x50, 0x00, 0x6f, 0xd9, 0x8a, 0xff, 0x40, 0x0b, 0xe1, 0x00, 0x05, 0xf9, 0x00,
    0x00, 0x00, 0x00, 0x1f, 0xb0, 0x00, 0x02, 0x47, 0x9d, 0xfb, 0x00, 0x2b, 0xff, 0xfd, 0xaf, 0xb0,
    0x0c, 0xf8, 0x30, 0x01, 0xfb, 0x03, 0xfb, 0x00, 0x00, 0x4f, 0xb0, 0x3f, 0xc0, 0x00, 0x1c, 0xfb,
    0x00, 0xcf, 0xc8, 0x9e, 0xde, 0xc0, 0x02, 0x9d, 0xfd, 0x71, 0xaf, 0x20, 0x00, 0x00, 0x3f, 0xfd,
    0x40, 0x00, 0x00, 0x00, 0x00, 0x00, 0xee, 0x50, 0x00, 0x00, 0x00, 0x01, 0xc4, 0x03, 0xb3, 0x00,
    0x00, 0x00, 0x00, 0x3c, 0xfd, 0x60, 0x00, 0x00, 0x00, 0x00, 0x0b, 0xfb, 0x00, 0x00, 0x00, 0x00,
    0x00, 0x1f, 0xef, 0x20, 0x00, 0x00, 0x00, 0x00, 0x7f, 0x7f, 0x70, 0x00, 0x00, 0x00, 0x00, 0xce,
    0x0e, 0xd0, 0x00, 0x00, 0x00, 0x03, 0xfa, 0x09, 0xf4, 0x00, 0x00, 0x00, 0x08, 0xf5, 0x04, 0xfa,
    0x00, 0x00, 0x00, 0x0e, 0xe0, 0x00, 0xef, 0x10, 0x00, 0x00, 0x4f, 0x90, 0x00, 0x9f, 0x70, 0x00,
    0x00, 0xaf, 0x40, 0x00, 0x3f, 0xd0, 0x00, 0x01, 0xef, 0xff, 0xff, 0xff, 0xf3, 0x00, 0x06, 0xfb,
    0x88, 0x88, 0x8a, 0xf9, 0x00, 0x0b, 0xf3, 0x00, 0x00, 0x01, 0xfe, 0x10, 0x2f, 0xd0, 0x00, 0x00,
    0x00, 0xbf, 0x60, 0x7f, 0x80, 0x00, 0x00, 0x00, 0x5f, 0xc0, 0xdf, 0x20, 0x00, 0x00, 0x00, 0x0e,
    0xf3, 0x00, 0x02, 0xff, 0xc4, 0x00, 0x00, 0x00, 0x00, 0x2c, 0xe0, 0x00, 0x00, 0x00, 0x0d, 0xe8,
    0x00, 0x00, 0x00, 0x00, 0x00, 0x00, 0x00, 0x00, 0x1f, 0x30, 0x0b, 0x70, 0x00, 0x00, 0xbd, 0x7a,
    0xf3, 0x00, 0x00, 0x02, 0xbe, 0xd5, 0x00, 0x00, 0x00, 0x00, 0x00, 0x00, 0x00, 0x00, 0x4a, 0xef,
    0xeb, 0x50, 0x00, 0x6f, 0xd9, 0x8a, 0xff, 0x40, 0x0b, 0xe1, 0x00, 0x05, 0xf9, 0x00, 0x00, 0x00,
    0x00, 0x1f, 0xb0, 0x00, 0x02, 0x47, 0x9d, 0xfb, 0x00, 0x2b, 0xff, 0xfd, 0xaf, 0xb0, 0x0c, 0xf8,
    0x30, 0x01, 0xfb, 0x03, 0xfb, 0x00, 0x00, 0x4f, 0xb0, 0x3f, 0xc0, 0x00, 0x1c, 0xfb, 0x00, 0xcf,
    0xc8, 0x9e, 0xde, 0xc0, 0x02, 0x9d, 0xfd, 0x71, 0xaf, 0x20, 0x00, 0x01, 0xbe, 0xa3, 0x3e, 0x00,
    0x00, 0x00, 0x07, 0x91, 0x6d, 0xe6, 0x00, 0x00, 0x00, 0x01, 0xc4, 0x03, 0xb3, 0x00, 0x00, 0x00,
    0x00, 0x3c, 0xfd, 0x60, 0x00, 0x00, 0x00, 0x00, 0x0b, 0xfb, 0x00, 0x00, 0x00, 0x00, 0x00, 0x1f,
    0xef, 0x20, 0x00, 0x00, 0x00, 0x00, 0x7f, 0x7f, 0x70, 0x00, 0x00, 0x00, 0x00, 0xce, 0x0e, 0xd0,
    0x00, 0x00, 0x00, 0x03, 0xfa, 0x09, 0xf4, 0x00, 0x00, 0x00, 0x08, 0xf5, 0x04, 0xfa, 0x00, 0x00,
    0x00, 0x0e, 0xe0, 0x00, 0xef, 0x10, 0x00, 0x00, 0x4f, 0x90, 0x00, 0x9f, 0x70, 0x00, 0x00, 0xaf,
    0x40, 0x00, 0x3f, 0xd0, 0x00, 0x01, 0xef, 0xff, 0xff, 0xff, 0xf3, 0x00, 0x06, 0xfb, 0x88, 0x88,
    0x8a, 0xf9, 0x00, 0x0b, 0xf3, 0x00, 0x00, 0x01, 0xfe, 0x10, 0x2f, 0xd0, 0x00, 0x00, 0x00, 0xbf,
    0x60, 0x7f, 0x80, 0x00, 0x00, 0x00, 0x5f, 0xc0, 0xdf, 0x20, 0x00, 0x00, 0x00, 0x0e, 0xf3, 0x00,
    0x09, 0xeb, 0x44, 0xf1, 0x00, 0x04, 0xf2, 0x5c, 0xe8, 0x00, 0x00, 0x00, 0x00, 0x00, 0x00, 0x00,
    0x01, 0xf3, 0x00, 0xb7, 0x00, 0x00, 0x0b, 0xd7, 0xaf, 0x30, 0x00, 0x00, 0x2b, 0xed, 0x50, 0x00,
    0x00, 0x00, 0x00, 0x00, 0x00, 0x00, 0x04, 0xae, 0xfe, 0xb5, 0x00, 0x06, 0xfd, 0x98, 0xaf, 0xf4,
    0x00, 0xbe, 0x10, 0x00, 0x5f, 0x90, 0x00, 0x00, 0x00, 0x01, 0xfb, 0x00, 0x00, 0x24, 0x79, 0xdf,
    0xb0, 0x02, 0xbf, 0xff, 0xda, 0xfb, 0x00, 0xcf, 0x83, 0x00, 0x1f, 0xb0, 0x3f, 0xb0, 0x00, 0x04,
    0xfb, 0x03, 0xfc, 0x00, 0x01, 0xcf, 0xb0, 0x0c, 0xfc, 0x89, 0xed, 0xec, 0x00, 0x29, 0xdf, 0xd7,
    0x1a, 0xf2, 0x00, 0x01, 0xc4, 0x03, 0xb3, 0x00, 0x00, 0x00, 0x00, 0x3c, 0xfd, 0x60, 0x00, 0x00,
    0x00, 0x00, 0x00, 0x00, 0x00, 0x00, 0x00, 0x00, 0x00, 0x0b, 0xfb, 0x00, 0x00, 0x00, 0x00, 0x00,
    0x1f, 0xef, 0x20, 0x00, 0x00, 0x00, 0x00, 0x7f, 0x7f, 0x70, 0x00, 0x00, 0x00, 0x00, 0xce, 0x0e,
    0xd0, 0x00, 0x00, 0x00, 0x03, 0xfa, 0x09, 0xf4, 0x00, 0x00, 0x00, 0x08, 0xf5, 0x04, 0xfa, 0x00,
    0x00, 0x00, 0x0e, 0xe0, 0x00, 0xef, 0x10, 0x00, 0x00, 0x4f, 0x90, 0x00, 0x9f, 0x70, 0x00, 0x00,
    0xaf, 0x40, 0x00, 0x3f, 0xd0, 0x00, 0x01, 0xef, 0xff, 0xff, 0xff, 0xf3, 0x00, 0x06, 0xfb, 0x88,
    0x88, 0x8a, 0xf9, 0x00, 0x0b, 0xf3, 0x00, 0x00, 0x01, 0xfe, 0x10, 0x2f, 0xd0, 0x00, 0x00, 0x00,
    0xbf, 0x60, 0x7f, 0x80, 0x00, 0x00, 0x00, 0x5f, 0xc0, 0xdf, 0x20, 0x00, 0x00, 0x00, 0x0e, 0xf3,
    0x00, 0x00, 0x00, 0x00, 0x00, 0x00, 0x00, 0x00, 0x00, 0x07, 0xf8, 0x00, 0x00, 0x00, 0x00, 0x00,
    0x07, 0xf8, 0x00, 0x00, 0x00, 0x00, 0x1f, 0x30, 0x0b, 0x70, 0x00, 0x00, 0xbd, 0x7a, 0xf3, 0x00,
    0x00, 0x02, 0xbe, 0xd5, 0x00, 0x00, 0x00, 0x00, 0x00, 0x00, 0x00, 0x00, 0x4a, 0xef, 0xeb, 0x50,
    0x00, 0x6f, 0xd9, 0x8a, 0xff, 0x40, 0x0b, 0xe1, 0x00, 0x05, 0xf9, 0x00, 0x00, 0x00, 0x00, 0x1f,
    0xb0, 0x00, 0x02, 0x47, 0x9d, 0xfb, 0x00, 0x2b, 0xff, 0xfd, 0xaf, 0xb0, 0x0c, 0xf8, 0x30, 0x01,
    0xfb, 0x03, 0xfb, 0x00, 0x00, 0x4f, 0xb0, 0x3f, 0xc0, 0x00, 0x1c, 0xfb, 0x00, 0xcf, 0xc8, 0x9e,
    0xde, 0xc0, 0x02, 0x9d, 0xfd, 0x71, 0xaf, 0x20, 0x00, 0x00, 0x00, 0x00, 0x00, 0x00, 0x00, 0x8f,
    0x70, 0x00, 0x00, 0x00, 0x08, 0xf7, 0x00, 0x00, 0x6f, 0xff, 0xff, 0xff, 0xff, 0xe0, 0x6f, 0xdb,
    0xbb, 0xbb, 0xbb, 0xb0, 0x6f, 0x70, 0x00, 0x00, 0x00, 0x00, 0x6f, 0x70, 0x00, 0x00, 0x00, 0x00,
    0x6f, 0x70, 0x00, 0x00, 0x00, 0x00, 0x6f, 0x70, 0x00, 0x00, 0x00, 0x00, 0x6f, 0xff, 0xff, 0xff,
    0xff, 0x60, 0x6f, 0xdb, 0xbb, 0xbb, 0xbb, 0x40, 0x6f, 0x70, 0x00, 0x00, 0x00, 0x00, 0x6f, 0x70,
    0x00, 0x00, 0x00, 0x00, 0x6f, 0x70, 0x00, 0x00, 0x00, 0x00, 0x6f, 0x70, 0x00, 0x00, 0x00, 0x00,
    0x6f, 0x70, 0x00, 0x00, 0x00, 0x00, 0x6f, 0xdb, 0xbb, 0xbb, 0xbb, 0xb3, 0x6f, 0xff, 0xff, 0xff,
    0xff, 0xf4, 0x00, 0x00, 0x00, 0x00, 0x00, 0x00, 0x00, 0x00, 0x1f, 0xe0, 0x00, 0x00, 0x00, 0x00,
    0x1f, 0xe0, 0x00, 0x00, 0x00, 0x18, 0xdf, 0xd9, 0x10, 0x00, 0x1d, 0xfb, 0x8a, 0xfd, 0x10, 0x09,
    0xf7, 0x00, 0x04, 0xfa, 0x00, 0xed, 0x00, 0x00, 0x0c, 0xf1, 0x3f, 0xd8, 0x88, 0x88, 0xcf, 0x34,
    0xff, 0xff, 0xff, 0xff, 0xf4, 0x3f, 0xa0, 0x00, 0x00, 0x00, 0x01, 0xfd, 0x00, 0x00, 0x0c, 0xd1,
    0x0a, 0xf8, 0x00, 0x05, 0xfb, 0x00, 0x1d, 0xfc, 0x8a, 0xfe, 0x20, 0x00, 0x18, 0xdf, 0xda, 0x20,
    0x00, 0x00, 0x00, 0x00, 0x00, 0x00, 0x00, 0x00, 0x5f, 0xa0, 0x00, 0x00, 0x00, 0x05, 0xfa, 0x00,
    0x00, 0x00, 0x00, 0xef, 0xd6, 0x00, 0x00, 0x00, 0x00, 0x01, 0xaf, 0x20, 0x00, 0x00, 0x00, 0x0a,
    0xea, 0x00, 0x00, 0x00, 0x00, 0x00, 0x00, 0x00, 0x00, 0x6f, 0xff, 0xff, 0xff, 0xff, 0xe0, 0x6f,
    0xdb, 0xbb, 0xbb, 0xbb, 0xb0, 0x6f, 0x70, 0x00, 0x00, 0x00, 0x00, 0x6f, 0x70, 0x00, 0x00, 0x00,
    0x00, 0x6f, 0x70, 0x00, 0x00, 0x00, 0x00, 0x6f, 0x70, 0x00, 0x00, 0x00, 0x00, 0x6f, 0xff, 0xff,
    0xff, 0xff, 0x60, 0x6f, 0xdb, 0xbb, 0xbb, 0xbb, 0x40, 0x6f, 0x70, 0x00, 0x00, 0x00, 0x00, 0x6f,
    0x70, 0x00, 0x00, 0x00, 0x00, 0x6f, 0x70, 0x00, 0x00, 0x00, 0x00, 0x6f, 0x70, 0x00, 0x00, 0x00,
    0x00, 0x6f, 0x70, 0x00, 0x00, 0x00, 0x00, 0x6f, 0xdb, 0xbb, 0xbb, 0xbb, 0xb3, 0x6f, 0xff, 0xff,
    0xff, 0xff, 0xf4, 0x00, 0x03, 0xfe, 0xc4, 0x00, 0x00, 0x00, 0x00, 0x2d, 0xd0, 0x00, 0x00, 0x00,
    0x0e, 0xe7, 0x00, 0x00, 0x00, 0x00, 0x00, 0x00, 0x00, 0x00, 0x18, 0xdf, 0xd9, 0x10, 0x00, 0x1d,
    0xfb, 0x8a, 0xfd, 0x10, 0x09, 0xf7, 0x00, 0x04, 0xfa, 0x00, 0xed, 0x00, 0x00, 0x0c, 0xf1, 0x3f,
    0xd8, 0x88, 0x88, 0xcf, 0x34, 0xff, 0xff, 0xff, 0xff, 0xf4, 0x3f, 0xa0, 0x00, 0x00, 0x00, 0x01,
    0xfd, 0x00, 0x00, 0x0c, 0xd1, 0x0a, 0xf8, 0x00, 0x05, 0xfb, 0x00, 0x1d, 0xfc, 0x8a, 0xfe, 0x20,
    0x00, 0x18, 0xdf, 0xda, 0x20, 0x00, 0x00, 0x07, 0xec, 0x75, 0xf3, 0x00, 0x00, 0x2f, 0x66, 0xbe,
    0x90, 0x00, 0x00, 0x00, 0x00, 0x00, 0x00, 0x00, 0x6f, 0xff, 0xff, 0xff, 0xff, 0xe0, 0x6f, 0xdb,
    0xbb, 0xbb, 0xbb, 0xb0, 0x6f, 0x70, 0x00, 0x00, 0x00, 0x00, 0x6f, 0x70, 0x00, 0x00, 0x00, 0x00,
    0x6f, 0x70, 0x00, 0x00, 0x00, 0x00, 0x6f, 0x70, 0x00, 0x00, 0x00, 0x00, 0x6f, 0xff, 0xff, 0xff,
    0xff, 0x60, 0x6f, 0xdb, 0xbb, 0xbb, 0xbb, 0x40, 0x6f, 0x70, 0x00, 0x00, 0x00, 0x00, 0x6f, 0x70,
    0x00, 0x00, 0x00, 0x00, 0x6f, 0x70, 0x00, 0x00, 0x00, 0x00, 0x6f, 0x70, 0x00, 0x00, 0x00, 0x00,
    0x6f, 0x70, 0x00, 0x00, 0x00, 0x00, 0x6f, 0xdb, 0xbb, 0xbb, 0xbb, 0xb3, 0x6f, 0xff, 0xff, 0xff,
    0xff, 0xf4, 0x00, 0x1b, 0xeb, 0x69, 0xd0, 0x00, 0x07, 0xd4, 0x8d, 0xd5, 0x00, 0x00, 0x00, 0x00,
    0x00, 0x00, 0x00, 0x01, 0x8d, 0xfd, 0x91, 0x00, 0x01, 0xdf, 0xb8, 0xaf, 0xd1, 0x00, 0x9f, 0x70,
    0x00, 0x4f, 0xa0, 0x0e, 0xd0, 0x00, 0x00, 0xcf, 0x13, 0xfd, 0x88, 0x88, 0x8c, 0xf3, 0x4f, 0xff,
    0xff, 0xff, 0xff, 0x43, 0xfa, 0x00, 0x00, 0x00, 0x00, 0x1f, 0xd0, 0x00, 0x00, 0xcd, 0x10, 0xaf,
    0x80, 0x00, 0x5f, 0xb0, 0x01, 0xdf, 0xc8, 0xaf, 0xe2, 0x00, 0x01, 0x8d, 0xfd, 0xa2, 0x00, 0x00,
    0x00, 0x03, 0xfb, 0x10, 0x00, 0x00, 0x00, 0x1d, 0x90, 0x00, 0x00, 0x00, 0x00, 0xaf, 0xe4, 0x00,
    0x00, 0x00, 0x0b, 0xd3, 0x8e, 0x40, 0x00, 0x6f, 0xff, 0xff, 0xff, 0xff, 0xe0, 0x6f, 0xdb, 0xbb,
    0xbb, 0xbb, 0xb0, 0x6f, 0x70, 0x00, 0x00, 0x00, 0x00, 0x6f, 0x70, 0x00, 0x00, 0x00, 0x00, 0x6f,
    0x70, 0x00, 0x00, 0x00, 0x00, 0x6f, 0x70, 0x00, 0x00, 0x00, 0x00, 0x6f, 0xff, 0xff, 0xff, 0xff,
    0x60, 0x6f, 0xdb, 0xbb, 0xbb, 0xbb, 0x40, 0x6f, 0x70, 0x00, 0x00, 0x00, 0x00, 0x6f, 0x70, 0x00,
    0x00, 0x00, 0x00, 0x6f, 0x70, 0x00, 0x00, 0x00, 0x00, 0x6f, 0x70, 0x00, 0x00, 0x00, 0x00, 0x6f,
    0x70, 0x00, 0x00, 0x00, 0x00, 0x6f, 0xdb, 0xbb, 0xbb, 0xbb, 0xb3, 0x6f, 0xff, 0xff, 0xff, 0xff,
    0xf4, 0x00, 0x00, 0x05, 0xfc, 0x00, 0x00, 0x00, 0x00, 0xce, 0x20, 0x00, 0x00, 0x00, 0x4f, 0x50,
    0x00, 0x00, 0x00, 0x00, 0x00, 0x00, 0x00, 0x00, 0x00, 0xcf, 0xb0, 0x00, 0x00, 0x00, 0x8f, 0x9f,
    0x70, 0x00, 0x00, 0x4f, 0xb0, 0xaf, 0x40, 0x00, 0x00, 0x00, 0x00, 0x00, 0x00, 0x00, 0x18, 0xdf,
    0xd9, 0x10, 0x00, 0x1d, 0xfb, 0x8a, 0xfd, 0x10, 0x09, 0xf7, 0x00, 0x04, 0xfa, 0x00, 0xed, 0x00,
    0x00, 0x0c, 0xf1, 0x3f, 0xd8, 0x88, 0x88, 0xcf, 0x34, 0xff, 0xff, 0xff, 0xff, 0xf4, 0x3f, 0xa0,
    0x00, 0x00, 0x00, 0x01, 0xfd, 0x00, 0x00, 0x0c, 0xd1, 0x0a, 0xf8, 0x00, 0x05, 0xfb, 0x00, 0x1d,
    0xfc, 0x8a, 0xfe, 0x20, 0x00, 0x18, 0xdf, 0xda, 0x20, 0x00, 0x00, 0x05, 0xeb, 0x00, 0x00, 0x00,
    0x00, 0x00, 0x3e, 0x50, 0x00, 0x00, 0x00, 0x00, 0xaf, 0xe4, 0x00, 0x00, 0x00, 0x0b, 0xd3, 0x8e,
    0x40, 0x00, 0x6f, 0xff, 0xff, 0xff, 0xff, 0xe0, 0x6f, 0xdb, 0xbb, 0xbb, 0xbb, 0xb0, 0x6f, 0x70,
    0x00, 0x00, 0x00, 0x00, 0x6f, 0x70, 0x00, 0x00, 0x00, 0x00, 0x6f, 0x70, 0x00, 0x00, 0x00, 0x00,
    0x6f, 0x70, 0x00, 0x00, 0x00, 0x00, 0x6f, 0xff, 0xff, 0xff, 0xff, 0x60, 0x6f, 0xdb, 0xbb, 0xbb,
    0xbb, 0x40, 0x6f, 0x70, 0x00, 0x00, 0x00, 0x00, 0x6f, 0x70, 0x00, 0x00, 0x00, 0x00, 0x6f, 0x70,
    0x00, 0x00, 0x00, 0x00, 0x6f, 0x70, 0x00, 0x00, 0x00, 0x00, 0x6f, 0x70, 0x00, 0x00, 0x00, 0x00,
    0x6f, 0xdb, 0xbb, 0xbb, 0xbb, 0xb3, 0x6f, 0xff, 0xff, 0xff, 0xff, 0xf4, 0x00, 0x1d, 0xf5, 0x00,
    0x00, 0x00, 0x00, 0x3e, 0xb0, 0x00, 0x00, 0x00, 0x00, 0x6f, 0x30, 0x00, 0x00, 0x00, 0x00, 0x00,
    0x00, 0x00, 0x00, 0x00, 0xcf, 0xb0, 0x00, 0x00, 0x00, 0x8f, 0x9f, 0x70, 0x00, 0x00, 0x4f, 0xb0,
    0xaf, 0x40, 0x00, 0x00, 0x00, 0x00, 0x00, 0x00, 0x00, 0x18, 0xdf, 0xd9, 0x10, 0x00, 0x1d, 0xfb,
    0x8a, 0xfd, 0x10, 0x09, 0xf7, 0x00, 0x04, 0xfa, 0x00, 0xed, 0x00, 0x00, 0x0c, 0xf1, 0x3f, 0xd8,
    0x88, 0x88, 0xcf, 0x34, 0xff, 0xff, 0xff, 0xff, 0xf4, 0x3f, 0xa0, 0x00, 0x00, 0x00, 0x01, 0xfd,
    0x00, 0x00, 0x0c, 0xd1, 0x0a, 0xf8, 0x00, 0x05, 0xfb, 0x00, 0x1d, 0xfc, 0x8a, 0xfe, 0x20, 0x00,
    0x18, 0xdf, 0xda, 0x20, 0x00, 0x00, 0x01, 0xff, 0xd6, 0x00, 0x00, 0x00, 0x00, 0x0b, 0xe8, 0x00,
    0x00, 0x00, 0x00, 0xaf, 0xe4, 0x00, 0x00, 0x00, 0x0b, 0xd3, 0x8e, 0x40, 0x00, 0x6f, 0xff, 0xff,
    0xff, 0xff, 0xe0, 0x6f, 0xdb, 0xbb, 0xbb, 0xbb, 0xb0, 0x6f, 0x70, 0x00, 0x00, 0x00, 0x00, 0x6f,
    0x70, 0x00, 0x00, 0x00, 0x00, 0x6f, 0x70, 0x00, 0x00, 0x00, 0x00, 0x6f, 0x70, 0x00, 0x00, 0x00,
    0x00, 0x6f, 0xff, 0xff, 0xff, 0xff, 0x60, 0x6f, 0xdb, 0xbb, 0xbb, 0xbb, 0x40, 0x6f, 0x70, 0x00,
    0x00, 0x00, 0x00, 0x6f, 0x70, 0x00, 0x00, 0x00, 0x00, 0x6f, 0x70, 0x00, 0x00, 0x00, 0x00, 0x6f,
    0x70, 0x00, 0x00, 0x00, 0x00, 0x6f, 0x70, 0x00, 0x00, 0x00, 0x00, 0x6f, 0xdb, 0xbb, 0xbb, 0xbb,
    0xb3, 0x6f, 0xff, 0xff, 0xff, 0xff, 0xf4, 0x00, 0x05, 0xfe, 0xb3, 0x00, 0x00, 0x00, 0x00, 0x3e,
    0xb0, 0x00, 0x00, 0x00, 0x1f, 0xd6, 0x00, 0x00, 0x00, 0x00, 0x00, 0x00, 0x00, 0x00, 0x00, 0xcf,
    0xb0, 0x00, 0x00, 0x00, 0x8f, 0x9f, 0x70, 0x00, 0x00, 0x4f, 0xb0, 0xaf, 0x40, 0x00, 0x00, 0x00,
    0x00, 0x00, 0x00, 0x00, 0x18, 0xdf, 0xd9, 0x10, 0x00, 0x1d, 0xfb, 0x8a, 0xfd, 0x10, 0x09, 0xf7,
    0x00, 0x04, 0xfa, 0x00, 0xed, 0x00, 0x00, 0x0c, 0xf1, 0x3f, 0xd8, 0x88, 0x88, 0xcf, 0x34, 0xff,
    0xff, 0xff, 0xff, 0xf4, 0x3f, 0xa0, 0x00, 0x00, 0x00, 0x01, 0xfd, 0x00, 0x00, 0x0c, 0xd1, 0x0a,
    0xf8, 0x00, 0x05, 0xfb, 0x00, 0x1d, 0xfc, 0x8a, 0xfe, 0x20, 0x00, 0x18, 0xdf, 0xda, 0x20, 0x00,
    0x00, 0x1b, 0xea, 0x33, 0xe0, 0x00, 0x00, 0x79, 0x16, 0xde, 0x60, 0x00, 0x00, 0x00, 0xaf, 0xe4,
    0x00, 0x00, 0x00, 0x0b, 0xd3, 0x8e, 0x40, 0x00, 0x6f, 0xff, 0xff, 0xff, 0xff, 0xe0, 0x6f, 0xdb,
    0xbb, 0xbb, 0xbb, 0xb0, 0x6f, 0x70, 0x00, 0x00, 0x00, 0x00, 0x6f, 0x70, 0x00, 0x00, 0x00, 0x00,
    0x6f, 0x70, 0x00, 0x00, 0x00, 0x00, 0x6f, 0x70, 0x00, 0x00, 0x00, 0x00, 0x6f, 0xff, 0xff, 0xff,
    0xff, 0x60, 0x6f, 0xdb, 0xbb, 0xbb, 0xbb, 0x40, 0x6f, 0x70, 0x00, 0x00, 0x00, 0x00, 0x6f, 0x70,
    0x00, 0x00, 0x00, 0x00, 0x6f, 0x70, 0x00, 0x00, 0x00, 0x00, 0x6f, 0x70, 0x00, 0x00, 0x00, 0x00,
    0x6f, 0x70, 0x00, 0x00, 0x00, 0x00, 0x6f, 0xdb, 0xbb, 0xbb, 0xbb, 0xb3, 0x6f, 0xff, 0xff, 0xff,
    0xff, 0xf4, 0x00, 0x2c, 0xe8, 0x2a, 0xb0, 0x00, 0x0a, 0xb1, 0x8e, 0xd4, 0x00, 0x00, 0x00, 0x00,
    0x00, 0x00, 0x00, 0x00, 0x0c, 0xfb, 0x00, 0x00, 0x00, 0x08, 0xf9, 0xf7, 0x00, 0x00, 0x04, 0xfb,
    0x0a, 0xf4, 0x00, 0x00, 0x00, 0x00, 0x00, 0x00, 0x00, 0x01, 0x8d, 0xfd, 0x91, 0x00, 0x01, 0xdf,
    0xb8, 0xaf, 0xd1, 0x00, 0x9f, 0x70, 0x00, 0x4f, 0xa0, 0x0e, 0xd0, 0x00, 0x00, 0xcf, 0x13, 0xfd,
    0x88, 0x88, 0x8c, 0xf3, 0x4f, 0xff, 0xff, 0xff, 0xff, 0x43, 0xfa, 0x00, 0x00, 0x00, 0x00, 0x1f,
    0xd0, 0x00, 0x00, 0xcd, 0x10, 0xaf, 0x80, 0x00, 0x5f, 0xb0, 0x01, 0xdf, 0xc8, 0xaf, 0xe2, 0x00,
    0x01, 0x8d, 0xfd, 0xa2, 0x00, 0x00, 0x00, 0xaf, 0xe4, 0x00, 0x00, 0x00, 0x0b, 0xd3, 0x8e, 0x40,
    0x00, 0x00, 0x00, 0x00, 0x00, 0x00, 0x00, 0x6f, 0xff, 0xff, 0xff, 0xff, 0xe0, 0x6f, 0xdb, 0xbb,
    0xbb, 0xbb, 0xb0, 0x6f, 0x70, 0x00, 0x00, 0x00, 0x00, 0x6f, 0x70, 0x00, 0x00, 0x00, 0x00, 0x6f,
    0x70, 0x00, 0x00, 0x00, 0x00, 0x6f, 0x70, 0x00, 0x00, 0x00, 0x00, 0x6f, 0xff, 0xff, 0xff, 0xff,
    0x60, 0x6f, 0xdb, 0xbb, 0xbb, 0xbb, 0x40, 0x6f, 0x70, 0x00, 0x00, 0x00, 0x00, 0x6f, 0x70, 0x00,
    0x00, 0x00, 0x00, 0x6f, 0x70, 0x00, 0x00, 0x00, 0x00, 0x6f, 0x70, 0x00, 0x00, 0x00, 0x00, 0x6f,
    0x70, 0x00, 0x00, 0x00, 0x00, 0x6f, 0xdb, 0xbb, 0xbb, 0xbb, 0xb3, 0x6f, 0xff, 0xff, 0xff, 0xff,
    0xf4, 0x00, 0x00, 0x00, 0x00, 0x00, 0x00, 0x00, 0x00, 0x1f, 0xe0, 0x00, 0x00, 0x00, 0x00, 0x1f,
    0xe0, 0x00, 0x00, 0x00, 0x00, 0xcf, 0xb0, 0x00, 0x00, 0x00, 0x8f, 0x9f, 0x70, 0x00, 0x00, 0x4f,
    0xb0, 0xaf, 0x40, 0x00, 0x00, 0x00, 0x00, 0x00, 0x00, 0x00, 0x18, 0xdf, 0xd9, 0x10, 0x00, 0x1d,
    0xfb, 0x8a, 0xfd, 0x10, 0x09, 0xf7, 0x00, 0x04, 0xfa, 0x00, 0xed, 0x00, 0x00, 0x0c, 0xf1, 0x3f,
    0xd8, 0x88, 0x88, 0xcf, 0x34, 0xff, 0xff, 0xff, 0xff, 0xf4, 0x3f, 0xa0, 0x00, 0x00, 0x00, 0x01,
    0xfd, 0x00, 0x00, 0x0c, 0xd1, 0x0a, 0xf8, 0x00, 0x05, 0xfb, 0x00, 0x1d, 0xfc, 0x8a, 0xfe, 0x20,
    0x00, 0x18, 0xdf, 0xda, 0x20, 0x00, 0x00, 0x00, 0x00, 0x00, 0x00, 0x00, 0x00, 0x5f, 0xa0, 0x00,
    0x00, 0x00, 0x05, 0xfa, 0x00, 0x00, 0x0e, 0xfd, 0x60, 0x00, 0x1a, 0xf2, 0x00, 0xae, 0xa0, 0x00,
    0x00, 0x00, 0x02, 0xfc, 0x00, 0x02, 0xfc, 0x00, 0x02, 0xfc, 0x00, 0x02, 0xfc, 0x00, 0x02, 0xfc,
    0x00, 0x02, 0xfc, 0x00, 0x02, 0xfc, 0x00, 0x02, 0xfc, 0x00, 0x02, 0xfc, 0x00, 0x02, 0xfc, 0x00,
    0x02, 0xfc, 0x00, 0x02, 0xfc, 0x00, 0x02, 0xfc, 0x00, 0x02, 0xfc, 0x00, 0x02, 0xfc, 0x00, 0x9f,
    0xea, 0x10, 0x06, 0xf7, 0x05, 0xfc, 0x20, 0x00, 0x00, 0x0a, 0xf1, 0x00, 0xaf, 0x10, 0x0a, 0xf1,
    0x00, 0xaf, 0x10, 0x0a, 0xf1, 0x00, 0xaf, 0x10, 0x0a, 0xf1, 0x00, 0xaf, 0x10, 0x0a, 0xf1, 0x00,
    0xaf, 0x10, 0x0a, 0xf1, 0x00, 0x2f, 0xc2, 0xfc, 0x2f, 0xc2, 0xfc, 0x2f, 0xc2, 0xfc, 0x2f, 0xc2,
    0xfc, 0x2f, 0xc2, 0xfc, 0x2f, 0xc2, 0xfc, 0x2f, 0xc2, 0xfc, 0x2f, 0xc0, 0x00, 0x3f, 0xc3, 0xfc,
    0xaf, 0x1a, 0xf1, 0x00, 0x00, 0x00, 0xaf, 0x1a, 0xf1, 0xaf, 0x1a, 0xf1, 0xaf, 0x1a, 0xf1, 0xaf,
    0x1a, 0xf1, 0xaf, 0x1a, 0xf1, 0xaf, 0x10, 0x00, 0xcf, 0x3c, 0xf3, 0x00, 0x00, 0x39, 0xdf, 0xec,
    0x61, 0x00, 0x00, 0x00, 0x7f, 0xfb, 0x89, 0xdf, 0xd3, 0x00, 0x00, 0x7f, 0xc2, 0x00, 0x00, 0x6f,
    0xe2, 0x00, 0x2f, 0xd1, 0x00, 0x00, 0x00, 0x6f, 0xa0, 0x08, 0xf7, 0x00, 0x00, 0x00, 0x00, 0xdf,
    0x20, 0xcf, 0x20, 0x00, 0x00, 0x00, 0x08, 0xf6, 0x0e, 0xf0, 0x00, 0x00, 0x00, 0x00, 0x6f, 0x80,
    0xfe, 0x00, 0x00, 0x00, 0x00, 0x05, 0xf9, 0x0e, 0xf0, 0x00, 0x00, 0x00, 0x00, 0x5f, 0x80, 0xcf,
    0x20, 0x00, 0x00, 0x00, 0x08, 0xf6, 0x08, 0xf7, 0x00, 0x00, 0x00, 0x00, 0xdf, 0x20, 0x2e, 0xe1,
    0x00, 0x00, 0x00, 0x6f, 0xb0, 0x00, 0x6f, 0xc2, 0x00, 0x00, 0x5f, 0xe2, 0x00, 0x00, 0x6f, 0xfa,
    0x89, 0xcf, 0xd3, 0x00, 0x00, 0x00, 0x29, 0xde, 0xec, 0x61, 0x00, 0x00, 0x00, 0x00, 0x00, 0x00,
    0x00, 0x00, 0x00, 0x00, 0x00, 0x00, 0x4f, 0xb0, 0x00, 0x00, 0x00, 0x00, 0x00, 0x04, 0xfb, 0x00,
    0x00, 0x00, 0x00, 0x19, 0xdf, 0xd9, 0x20, 0x00, 0x2d, 0xfb, 0x8b, 0xfe, 0x20, 0x0b, 0xf6, 0x00,
    0x06, 0xfb, 0x01, 0xfc, 0x00, 0x00, 0x0c, 0xf2, 0x4f, 0x80, 0x00, 0x00, 0x8f, 0x55, 0xf7, 0x00,
    0x00, 0x07, 0xf5, 0x4f, 0x90, 0x00, 0x00, 0x8f, 0x41, 0xfc, 0x00, 0x00, 0x0b, 0xf2, 0x0b, 0xf6,
    0x00, 0x06, 0xfb, 0x00, 0x2e, 0xfb, 0x8b, 0xfe, 0x20, 0x00, 0x29, 0xdf, 0xd9, 0x10, 0x00, 0x00,
    0x00, 0x00, 0x00, 0x00, 0x00, 0x00, 0x8f, 0x70, 0x00, 0x00, 0x00, 0x08, 0xf7, 0x00, 0x00, 0x00,
    0x00, 0x00, 0xef, 0xd6, 0x00, 0x00, 0x00, 0x00, 0x00, 0x00, 0x1b, 0xf1, 0x00, 0x00, 0x00, 0x00,
    0x00, 0x0b, 0xea, 0x00, 0x00, 0x00, 0x00, 0x00, 0x00, 0x00, 0x00, 0x00, 0x00, 0x00, 0x00, 0x39,
    0xdf, 0xec, 0x61, 0x00, 0x00, 0x00, 0x7f, 0xfb, 0x89, 0xdf, 0xd3, 0x00, 0x00, 0x7f, 0xc2, 0x00,
    0x00, 0x6f, 0xe2, 0x00, 0x2f, 0xd1, 0x00, 0x00, 0x00, 0x6f, 0xa0, 0x08, 0xf7, 0x00, 0x00, 0x00,
    0x00, 0xdf, 0x20, 0xcf, 0x20, 0x00, 0x00, 0x00, 0x08, 0xf6, 0x0e, 0xf0, 0x00, 0x00, 0x00, 0x00,
    0x6f, 0x80, 0xfe, 0x00, 0x00, 0x00, 0x00, 0x05, 0xf9, 0x0e, 0xf0, 0x00, 0x00, 0x00, 0x00, 0x5f,
    0x80, 0xcf, 0x20, 0x00, 0x00, 0x00, 0x08, 0xf6, 0x08, 0xf7, 0x00, 0x00, 0x00, 0x00, 0xdf, 0x20,
    0x2e, 0xe1, 0x00, 0x00, 0x00, 0x6f, 0xb0, 0x00, 0x6f, 0xc2, 0x00, 0x00, 0x5f, 0xe2, 0x00, 0x00,
    0x6f, 0xfa, 0x89, 0xcf, 0xd3, 0x00, 0x00, 0x00, 0x29, 0xde, 0xec, 0x61, 0x00, 0x00, 0x00, 0x03,
    0xfe, 0xc4, 0x00, 0x00, 0x00, 0x00, 0x2d, 0xd0, 0x00, 0x00, 0x00, 0x0e, 0xe7, 0x00, 0x00, 0x00,
    0x00, 0x00, 0x00, 0x00, 0x00, 0x19, 0xdf, 0xd9, 0x20, 0x00, 0x2d, 0xfb, 0x8b, 0xfe, 0x20, 0x0b,
    0xf6, 0x00, 0x06, 0xfb, 0x01, 0xfc, 0x00, 0x00, 0x0c, 0xf2, 0x4f, 0x80, 0x00, 0x00, 0x8f, 0x55,
    0xf7, 0x00, 0x00, 0x07, 0xf5, 0x4f, 0x90, 0x00, 0x00, 0x8f, 0x41, 0xfc, 0x00, 0x00, 0x0b, 0xf2,
    0x0b, 0xf6, 0x00, 0x06, 0xfb, 0x00, 0x2e, 0xfb, 0x8b, 0xfe, 0x20, 0x00, 0x29, 0xdf, 0xd9, 0x10,
    0x00, 0x00, 0x00, 0x00, 0x02, 0xec, 0x10, 0x00, 0x00, 0x00, 0x00, 0x00, 0xca, 0x10, 0x00, 0x00,
    0x00, 0x00, 0x00, 0x9f, 0xf5, 0x00, 0x00, 0x00, 0x00, 0x00, 0x9e, 0x37, 0xf5, 0x00, 0x00, 0x00,
    0x00, 0x39, 0xdf, 0xec, 0x61, 0x00, 0x00, 0x00, 0x7f, 0xfb, 0x89, 0xdf, 0xd3, 0x00, 0x00, 0x7f,
    0xc2, 0x00, 0x00, 0x6f, 0xe2, 0x00, 0x2f, 0xd1, 0x00, 0x00, 0x00, 0x6f, 0xa0, 0x08, 0xf7, 0x00,
    0x00, 0x00, 0x00, 0xdf, 0x20, 0xcf, 0x20, 0x00, 0x00, 0x00, 0x08, 0xf6, 0x0e, 0xf0, 0x00, 0x00,
    0x00, 0x00, 0x6f, 0x80, 0xfe, 0x00, 0x00, 0x00, 0x00, 0x05, 0xf9, 0x0e, 0xf0, 0x00, 0x00, 0x00,
    0x00, 0x5f, 0x80, 0xcf, 0x20, 0x00, 0x00, 0x00, 0x08, 0xf6, 0x08, 0xf7, 0x00, 0x00, 0x00, 0x00,
    0xdf, 0x20, 0x2e, 0xe1, 0x00, 0x00, 0x00, 0x6f, 0xb0, 0x00, 0x6f, 0xc2, 0x00, 0x00, 0x5f, 0xe2,
    0x00, 0x00, 0x6f, 0xfa, 0x89, 0xcf, 0xd3, 0x00, 0x00, 0x00, 0x29, 0xde, 0xec, 0x61, 0x00, 0x00,
    0x00, 0x00, 0x05, 0xfc, 0x00, 0x00, 0x00, 0x00, 0xce, 0x20, 0x00, 0x00, 0x00, 0x4f, 0x50, 0x00,
    0x00, 0x00, 0x00, 0x00, 0x00, 0x00, 0x00, 0x00, 0xcf, 0xc0, 0x00, 0x00, 0x00, 0x8f, 0x9f, 0x80,
    0x00, 0x00, 0x3f, 0xb0, 0xaf, 0x40, 0x00, 0x00, 0x00, 0x00, 0x00, 0x00, 0x00, 0x19, 0xdf, 0xd9,
    0x20, 0x00, 0x2d, 0xfb, 0x8b, 0xfe, 0x20, 0x0b, 0xf6, 0x00, 0x06, 0xfb, 0x01, 0xfc, 0x00, 0x00,
    0x0c, 0xf2, 0x4f, 0x80, 0x00, 0x00, 0x8f, 0x55, 0xf7, 0x00, 0x00, 0x07, 0xf5, 0x4f, 0x90, 0x00,
    0x00, 0x8f, 0x41, 0xfc, 0x00, 0x00, 0x0b, 0xf2, 0x0b, 0xf6, 0x00, 0x06, 0xfb, 0x00, 0x2e, 0xfb,
    0x8b, 0xfe, 0x20, 0x00, 0x29, 0xdf, 0xd9, 0x10, 0x00, 0x00, 0x00, 0x04, 0xec, 0x00, 0x00, 0x00,
    0x00, 0x00, 0x00, 0x02, 0xd7, 0x00, 0x00, 0x00, 0x00, 0x00, 0x00, 0x9f, 0xf5, 0x00, 0x00, 0x00,
    0x00, 0x00, 0x9e, 0x37, 0xf5, 0x00, 0x00, 0x00, 0x00, 0x39, 0xdf, 0xec, 0x61, 0x00, 0x00, 0x00,
    0x7f, 0xfb, 0x89, 0xdf, 0xd3, 0x00, 0x00, 0x7f, 0xc2, 0x00, 0x00, 0x6f, 0xe2, 0x00, 0x2f, 0xd1,
    0x00, 0x00, 0x00, 0x6f, 0xa0, 0x08, 0xf7, 0x00, 0x00, 0x00, 0x00, 0xdf, 0x20, 0xcf, 0x20, 0x00,
    0x00, 0x00, 0x08, 0xf6, 0x0e, 0xf0, 0x00, 0x00, 0x00, 0x00, 0x6f, 0x80, 0xfe, 0x00, 0x00, 0x00,
    0x00, 0x05, 0xf9, 0x0e, 0xf0, 0x00, 0x00, 0x00, 0x00, 0x5f, 0x80, 0xcf, 0x20, 0x00, 0x00, 0x00,
    0x08, 0xf6, 0x08, 0xf7, 0x00, 0x00, 0x00, 0x00, 0xdf, 0x20, 0x2e, 0xe1, 0x00, 0x00, 0x00, 0x6f,
    0xb0, 0x00, 0x6f, 0xc2, 0x00, 0x00, 0x5f, 0xe2, 0x00, 0x00, 0x6f, 0xfa, 0x89, 0xcf, 0xd3, 0x00,
    0x00, 0x00, 0x29, 0xde, 0xec, 0x61, 0x00, 0x00, 0x00, 0x1d, 0xf5, 0x00, 0x00, 0x00, 0x00, 0x3e,
    0xb0, 0x00, 0x00, 0x00, 0x00, 0x6f, 0x30, 0x00, 0x00, 0x00, 0x00, 0x00, 0x00, 0x00, 0x00, 0x00,
    0xcf, 0xc0, 0x00, 0x00, 0x00, 0x8f, 0x9f, 0x80, 0x00, 0x00, 0x3f, 0xb0, 0xaf, 0x40, 0x00, 0x00,
    0x00, 0x00, 0x00, 0x00, 0x00, 0x19, 0xdf, 0xd9, 0x20, 0x00, 0x2d, 0xfb, 0x8b, 0xfe, 0x20, 0x0b,
    0xf6, 0x00, 0x06, 0xfb, 0x01, 0xfc, 0x00, 0x00, 0x0c, 0xf2, 0x4f, 0x80, 0x00, 0x00, 0x8f, 0x55,
    0xf7, 0x00, 0x00, 0x07, 0xf5, 0x4f, 0x90, 0x00, 0x00, 0x8f, 0x41, 0xfc, 0x00, 0x00, 0x0b, 0xf2,
    0x0b, 0xf6, 0x00, 0x06, 0xfb, 0x00, 0x2e, 0xfb, 0x8b, 0xfe, 0x20, 0x00, 0x29, 0xdf, 0xd9, 0x10,
    0x00, 0x00, 0x00, 0x00, 0xdf, 0xe8, 0x00, 0x00, 0x00, 0x00, 0x00, 0x00, 0x9e, 0xa0, 0x00, 0x00,
    0x00, 0x00, 0x00, 0x9f, 0xf5, 0x00, 0x00, 0x00, 0x00, 0x00, 0x9e, 0x37, 0xf5, 0x00, 0x00, 0x00,
    0x00, 0x39, 0xdf, 0xec, 0x61, 0x00, 0x00, 0x00, 0x7f, 0xfb, 0x89, 0xdf, 0xd3, 0x00, 0x00, 0x7f,
    0xc2, 0x00, 0x00, 0x6f, 0xe2, 0x00, 0x2f, 0xd1, 0x00, 0x00, 0x00, 0x6f, 0xa0, 0x08, 0xf7, 0x00,
    0x00, 0x00, 0x00, 0xdf, 0x20, 0xcf, 0x20, 0x00, 0x00, 0x00, 0x08, 0xf6, 0x0e, 0xf0, 0x00, 0x00,
    0x00, 0x00, 0x6f, 0x80, 0xfe, 0x00, 0x00, 0x00, 0x00, 0x05, 0xf9, 0x0e, 0xf0, 0x00, 0x00, 0x00,
    0x00, 0x5f, 0x80, 0xcf, 0x20, 0x00, 0x00, 0x00, 0x08, 0xf6, 0x08, 0xf7, 0x00, 0x00, 0x00, 0x00,
    0xdf, 0x20, 0x2e, 0xe1, 0x00, 0x00, 0x00, 0x6f, 0xb0, 0x00, 0x6f, 0xc2, 0x00, 0x00, 0x5f, 0xe2,
    0x00, 0x00, 0x6f, 0xfa, 0x89, 0xcf, 0xd3, 0x00, 0x00, 0x00, 0x29, 0xde, 0xec, 0x61, 0x00, 0x00,
    0x00, 0x05, 0xfe, 0xb3, 0x00, 0x00, 0x00, 0x00, 0x3e, 0xb0, 0x00, 0x00, 0x00, 0x1f, 0xd6, 0x00,
    0x00, 0x00, 0x00, 0x00, 0x00, 0x00, 0x00, 0x00, 0xcf, 0xc0, 0x00, 0x00, 0x00, 0x8f, 0x9f, 0x80,
    0x00, 0x00, 0x3f, 0xb0, 0xaf, 0x40, 0x00, 0x00, 0x00, 0x00, 0x00, 0x00, 0x00, 0x19, 0xdf, 0xd9,
    0x20, 0x00, 0x2d, 0xfb, 0x8b, 0xfe, 0x20, 0x0b, 0xf6, 0x00, 0x06, 0xfb, 0x01, 0xfc, 0x00, 0x00,
    0x0c, 0xf2, 0x4f, 0x80, 0x00, 0x00, 0x8f, 0x55, 0xf7, 0x00, 0x00, 0x07, 0xf5, 0x4f, 0x90, 0x00,
    0x00, 0x8f, 0x41, 0xfc, 0x00, 0x00, 0x0b, 0xf2, 0x0b, 0xf6, 0x00, 0x06, 0xfb, 0x00, 0x2e, 0xfb,
    0x8b, 0xfe, 0x20, 0x00, 0x29, 0xdf, 0xd9, 0x10, 0x00, 0x00, 0x00, 0x0a, 0xeb, 0x41, 0xe1, 0x00,
    0x00, 0x00, 0x04, 0xb1, 0x5c, 0xe8, 0x00, 0x00, 0x00, 0x00, 0x00, 0x9f, 0xf5, 0x00, 0x00, 0x00,
    0x00, 0x00, 0x9e, 0x37, 0xf5, 0x00, 0x00, 0x00, 0x00, 0x39, 0xdf, 0xec, 0x61, 0x00, 0x00, 0x00,
    0x7f, 0xfb, 0x89, 0xdf, 0xd3, 0x00, 0x00, 0x7f, 0xc2, 0x00, 0x00, 0x6f, 0xe2, 0x00, 0x2f, 0xd1,
    0x00, 0x00, 0x00, 0x6f, 0xa0, 0x08, 0xf7, 0x00, 0x00, 0x00, 0x00, 0xdf, 0x20, 0xcf, 0x20, 0x00,
    0x00, 0x00, 0x08, 0xf6, 0x0e, 0xf0, 0x00, 0x00, 0x00, 0x00, 0x6f, 0x80, 0xfe, 0x00, 0x00, 0x00,
    0x00, 0x05, 0xf9, 0x0e, 0xf0, 0x00, 0x00, 0x00, 0x00, 0x5f, 0x80, 0xcf, 0x20, 0x00, 0x00, 0x00,
    0x08, 0xf6, 0x08, 0xf7, 0x00, 0x00, 0x00, 0x00, 0xdf, 0x20, 0x2e, 0xe1, 0x00, 0x00, 0x00, 0x6f,
    0xb0, 0x00, 0x6f, 0xc2, 0x00, 0x00, 0x5f, 0xe2, 0x00, 0x00, 0x6f, 0xfa, 0x89, 0xcf, 0xd3, 0x00,
    0x00, 0x00, 0x29, 0xde, 0xec, 0x61, 0x00, 0x00, 0x00, 0x2c, 0xe8, 0x2a, 0xb0, 0x00, 0x0a, 0xb1,
    0x8e, 0xd4, 0x00, 0x00, 0x00, 0x00, 0x00, 0x00, 0x00, 0x00, 0x0c, 0xfc, 0x00, 0x00, 0x00, 0x08,
    0xf9, 0xf8, 0x00, 0x00, 0x03, 0xfb, 0x0a, 0xf4, 0x00, 0x00, 0x00, 0x00, 0x00, 0x00, 0x00, 0x01,
    0x9d, 0xfd, 0x92, 0x00, 0x02, 0xdf, 0xb8, 0xbf, 0xe2, 0x00, 0xbf, 0x60, 0x00, 0x6f, 0xb0, 0x1f,
    0xc0, 0x00, 0x00, 0xcf, 0x24, 0xf8, 0x00, 0x00, 0x08, 0xf5, 0x5f, 0x70, 0x00, 0x00, 0x7f, 0x54,
    0xf9, 0x00, 0x00, 0x08, 0xf4, 0x1f, 0xc0, 0x00, 0x00, 0xbf, 0x20, 0xbf, 0x60, 0x00, 0x6f, 0xb0,
    0x02, 0xef, 0xb8, 0xbf, 0xe2, 0x00, 0x02, 0x9d, 0xfd, 0x91, 0x00, 0x00, 0x00, 0x00, 0x9f, 0xf5,
    0x00, 0x00, 0x00, 0x00, 0x00, 0x9e, 0x37, 0xf5, 0x00, 0x00, 0x00, 0x00, 0x00, 0x00, 0x00, 0x00,
    0x00, 0x00, 0x00, 0x03, 0x9d, 0xfe, 0xc6, 0x10, 0x00, 0x00, 0x07, 0xff, 0xb8, 0x9d, 0xfd, 0x30,
    0x00, 0x07, 0xfc, 0x20, 0x00, 0x06, 0xfe, 0x20, 0x02, 0xfd, 0x10, 0x00, 0x00, 0x06, 0xfa, 0x00,
    0x8f, 0x70, 0x00, 0x00, 0x00, 0x0d, 0xf2, 0x0c, 0xf2, 0x00, 0x00, 0x00, 0x00, 0x8f, 0x60, 0xef,
    0x00, 0x00, 0x00, 0x00, 0x06, 0xf8, 0x0f, 0xe0, 0x00, 0x00, 0x00, 0x00, 0x5f, 0x90, 0xef, 0x00,
    0x00, 0x00, 0x00, 0x05, 0xf8, 0x0c, 0xf2, 0x00, 0x00, 0x00, 0x00, 0x8f, 0x60, 0x8f, 0x70, 0x00,
    0x00, 0x00, 0x0d, 0xf2, 0x02, 0xee, 0x10, 0x00, 0x00, 0x06, 0xfb, 0x00, 0x06, 0xfc, 0x20, 0x00,
    0x05, 0xfe, 0x20, 0x00, 0x06, 0xff, 0xa8, 0x9c, 0xfd, 0x30, 0x00, 0x00, 0x02, 0x9d, 0xee, 0xc6,
    0x10, 0x00, 0x00, 0x00, 0x00, 0x00, 0x00, 0x00, 0x00, 0x00, 0x00, 0x00, 0x04, 0xfb, 0x00, 0x00,
    0x00, 0x00, 0x00, 0x00, 0x4f, 0xb0, 0x00, 0x00, 0x00, 0x00, 0x00, 0xcf, 0xc0, 0x00, 0x00, 0x00,
    0x8f, 0x9f, 0x80, 0x00, 0x00, 0x3f, 0xb0, 0xaf, 0x40, 0x00, 0x00, 0x00, 0x00, 0x00, 0x00, 0x00,
    0x19, 0xdf, 0xd9, 0x20, 0x00, 0x2d, 0xfb, 0x8b, 0xfe, 0x20, 0x0b, 0xf6, 0x00, 0x06, 0xfb, 0x01,
    0xfc, 0x00, 0x00, 0x0c, 0xf2, 0x4f, 0x80, 0x00, 0x00, 0x8f, 0x55, 0xf7, 0x00, 0x00, 0x07, 0xf5,
    0x4f, 0x90, 0x00, 0x00, 0x8f, 0x41, 0xfc, 0x00, 0x00, 0x0b, 0xf2, 0x0b, 0xf6, 0x00, 0x06, 0xfb,
    0x00, 0x2e, 0xfb, 0x8b, 0xfe, 0x20, 0x00, 0x29, 0xdf, 0xd9, 0x10, 0x00, 0x00, 0x00, 0x00, 0x00,
    0x00, 0x00, 0x00, 0x8f, 0x70, 0x00, 0x00, 0x00, 0x08, 0xf7, 0x00, 0x00, 0x00, 0x00, 0x00, 0x05,
    0xfc, 0x00, 0x00, 0x00, 0x00, 0x00, 0x00, 0x00, 0xbe, 0x20, 0x00, 0x00, 0x00, 0x00, 0x00, 0x00,
    0x3f, 0x60, 0x00, 0x00, 0x00, 0x00, 0x00, 0x00, 0x00, 0x00, 0x00, 0x00, 0x00, 0x00, 0x00, 0x00,
    0x39, 0xdf, 0xec, 0x71, 0x00, 0x3f, 0xa0, 0x00, 0x8f, 0xff, 0xff, 0xff, 0xe3, 0x03, 0xfa, 0x00,
    0x7f, 0xf8, 0x20, 0x15, 0xcf, 0xe3, 0x05, 0x90, 0x2f, 0xf4, 0x00, 0x00, 0x00, 0xaf, 0xb1, 0xb3,
    0x08, 0xf9, 0x00, 0x00, 0x00, 0x01, 0xef, 0xc4, 0x00, 0xcf, 0x30, 0x00, 0x00, 0x00, 0x09, 0xf7,
    0x00, 0x0e, 0xf0, 0x00, 0x00, 0x00, 0x00, 0x6f, 0x80, 0x00, 0xfe, 0x00, 0x00, 0x00, 0x00, 0x05,
    0xf9, 0x00, 0x0e, 0xf0, 0x00, 0x00, 0x00, 0x00, 0x6f, 0x80, 0x00, 0xcf, 0x30, 0x00, 0x00, 0x00,
    0x09, 0xf6, 0x00, 0x08, 0xf8, 0x00, 0x00, 0x00, 0x01, 0xef, 0x10, 0x00, 0x2e, 0xf4, 0x00, 0x00,
    0x00, 0xaf, 0xa0, 0x00, 0x00, 0x6f, 0xf8, 0x30, 0x14, 0xbf, 0xe1, 0x00, 0x00, 0x00, 0x6f, 0xff,
    0xff, 0xff, 0xd2, 0x00, 0x00, 0x00, 0x00, 0x29, 0xde, 0xeb, 0x61, 0x00, 0x00, 0x00, 0x00, 0x00,
    0x05, 0xfc, 0x00, 0x00, 0x00, 0x00, 0x00, 0xce, 0x20, 0x00, 0x00, 0x00, 0x00, 0x3f, 0x60, 0x00,
    0x00, 0x00, 0x00, 0x00, 0x00, 0x00, 0x00, 0x00, 0x00, 0x19, 0xdf, 0xd9, 0x20, 0x6f, 0x80, 0x2d,
    0xff, 0xff, 0xfe, 0x26, 0xf7, 0x0b, 0xfc, 0x31, 0x3b, 0xfb, 0x08, 0x61, 0xfe, 0x10, 0x00, 0x1d,
    0xf3, 0xc2, 0x4f, 0x90, 0x00, 0x00, 0x8f, 0xd3, 0x05, 0xf8, 0x00, 0x00, 0x07, 0xf5, 0x00, 0x4f,
    0x90, 0x00, 0x00, 0x9f, 0x40, 0x01, 0xfe, 0x10, 0x00, 0x1d, 0xf1, 0x00, 0x0a, 0xfb, 0x31, 0x3b,
    0xfb, 0x00, 0x00, 0x2d, 0xff, 0xff, 0xfd, 0x20, 0x00, 0x00, 0x29, 0xdf, 0xd8, 0x10, 0x00, 0x00,
    0x00, 0x00, 0x05, 0xfd, 0x00, 0x00, 0x00, 0x00, 0x00, 0x00, 0x00, 0x09, 0xf4, 0x00, 0x00, 0x00,
    0x00, 0x00, 0x00, 0x00, 0x0c, 0xb0, 0x00, 0x00, 0x00, 0x00, 0x00, 0x00, 0x00, 0x00, 0x00, 0x00,
    0x00, 0x00, 0x00, 0x00, 0x39, 0xdf, 0xec, 0x71, 0x00, 0x3f, 0xa0, 0x00, 0x8f, 0xff, 0xff, 0xff,
    0xe3, 0x03, 0xfa, 0x00, 0x7f, 0xf8, 0x20, 0x15, 0xcf, 0xe3, 0x05, 0x90, 0x2f, 0xf4, 0x00, 0x00,
    0x00, 0xaf, 0xb1, 0xb3, 0x08, 0xf9, 0x00, 0x00, 0x00, 0x01, 0xef, 0xc4, 0x00, 0xcf, 0x30, 0x00,
    0x00, 0x00, 0x09, 0xf7, 0x00, 0x0e, 0xf0, 0x00, 0x00, 0x00, 0x00, 0x6f, 0x80, 0x00, 0xfe, 0x00,
    0x00, 0x00, 0x00, 0x05, 0xf9, 0x00, 0x0e, 0xf0, 0x00, 0x00, 0x00, 0x00, 0x6f, 0x80, 0x00, 0xcf,
    0x30, 0x00, 0x00, 0x00, 0x09, 0xf6, 0x00, 0x08, 0xf8, 0x00, 0x00, 0x00, 0x01, 0xef, 0x10, 0x00,
    0x2e, 0xf4, 0x00, 0x00, 0x00, 0xaf, 0xa0, 0x00, 0x00, 0x6f, 0xf8, 0x30, 0x14, 0xbf, 0xe1, 0x00,
    0x00, 0x00, 0x6f, 0xff, 0xff, 0xff, 0xd2, 0x00, 0x00, 0x00, 0x00, 0x29, 0xde, 0xeb, 0x61, 0x00,
    0x00, 0x00, 0x00, 0x09, 0xf9, 0x00, 0x00, 0x00, 0x00, 0x00, 0x0c, 0xf1, 0x00, 0x00, 0x00, 0x00,
    0x00, 0x2e, 0x70, 0x00, 0x00, 0x00, 0x00, 0x00, 0x00, 0x00, 0x00, 0x00, 0x00, 0x19, 0xdf, 0xd9,
    0x20, 0x6f, 0x80, 0x2d, 0xff, 0xff, 0xfe, 0x26, 0xf7, 0x0b, 0xfc, 0x31, 0x3b, 0xfb, 0x08, 0x61,
    0xfe, 0x10, 0x00, 0x1d, 0xf3, 0xc2, 0x4f, 0x90, 0x00, 0x00, 0x8f, 0xd3, 0x05, 0xf8, 0x00, 0x00,
    0x07, 0xf5, 0x00, 0x4f, 0x90, 0x00, 0x00, 0x9f, 0x40, 0x01, 0xfe, 0x10, 0x00, 0x1d, 0xf1, 0x00,
    0x0a, 0xfb, 0x31, 0x3b, 0xfb, 0x00, 0x00, 0x2d, 0xff, 0xff, 0xfd, 0x20, 0x00, 0x00, 0x29, 0xdf,
    0xd8, 0x10, 0x00, 0x00, 0x00, 0x00, 0x00, 0xef, 0xd6, 0x00, 0x00, 0x00, 0x00, 0x00, 0x00, 0x00,
    0x1b, 0xf1, 0x00, 0x00, 0x00, 0x00, 0x00, 0x00, 0x0b, 0xea, 0x00, 0x00, 0x00, 0x00, 0x00, 0x00,
    0x00, 0x00, 0x00, 0x00, 0x00, 0x00, 0x00, 0x00, 0x39, 0xdf, 0xec, 0x71, 0x00, 0x3f, 0xa0, 0x00,
    0x8f, 0xff, 0xff, 0xff, 0xe3, 0x03, 0xfa, 0x00, 0x7f, 0xf8, 0x20, 0x15, 0xcf, 0xe3, 0x05, 0x90,
    0x2f, 0xf4, 0x00, 0x00, 0x00, 0xaf, 0xb1, 0xb3, 0x08, 0xf9, 0x00, 0x00, 0x00, 0x01, 0xef, 0xc4,
    0x00, 0xcf, 0x30, 0x00, 0x00, 0x00, 0x09, 0xf7, 0x00, 0x0e, 0xf0, 0x00, 0x00, 0x00, 0x00, 0x6f,
    0x80, 0x00, 0xfe, 0x00, 0x00, 0x00, 0x00, 0x05, 0xf9, 0x00, 0x0e, 0xf0, 0x00, 0x00, 0x00, 0x00,
    0x6f, 0x80, 0x00, 0xcf, 0x30, 0x00, 0x00, 0x00, 0x09, 0xf6, 0x00, 0x08, 0xf8, 0x00, 0x00, 0x00,
    0x01, 0xef, 0x10, 0x00, 0x2e, 0xf4, 0x00, 0x00, 0x00, 0xaf, 0xa0, 0x00, 0x00, 0x6f, 0xf8, 0x30,
    0x14, 0xbf, 0xe1, 0x00, 0x00, 0x00, 0x6f, 0xff, 0xff, 0xff, 0xd2, 0x00, 0x00, 0x00, 0x00, 0x29,
    0xde, 0xeb, 0x61, 0x00, 0x00, 0x00, 0x00, 0x03, 0xfe, 0xc4, 0x00, 0x00, 0x00, 0x00, 0x00, 0x2d,
    0xd0, 0x00, 0x00, 0x00, 0x00, 0x0e, 0xe7, 0x00, 0x00, 0x00, 0x00, 0x00, 0x00, 0x00, 0x00, 0x00,
    0x00, 0x19, 0xdf, 0xd9, 0x20, 0x6f, 0x80, 0x2d, 0xff, 0xff, 0xfe, 0x26, 0xf7, 0x0b, 0xfc, 0x31,
    0x3b, 0xfb, 0x08, 0x61, 0xfe, 0x10, 0x00, 0x1d, 0xf3, 0xc2, 0x4f, 0x90, 0x00, 0x00, 0x8f, 0xd3,
    0x05, 0xf8, 0x00, 0x00, 0x07, 0xf5, 0x00, 0x4f, 0x90, 0x00, 0x00, 0x9f, 0x40, 0x01, 0xfe, 0x10,
    0x00, 0x1d, 0xf1, 0x00, 0x0a, 0xfb, 0x31, 0x3b, 0xfb, 0x00, 0x00, 0x2d, 0xff, 0xff, 0xfd, 0x20,
    0x00, 0x00, 0x29, 0xdf, 0xd8, 0x10, 0x00, 0x00, 0x00, 0x00, 0x0a, 0xeb, 0x68, 0xf0, 0x00, 0x00,
    0x00, 0x00, 0x05, 0xf4, 0x7c, 0xe6, 0x00, 0x00, 0x00, 0x00, 0x00, 0x00, 0x00, 0x00, 0x00, 0x00,
    0x00, 0x00, 0x00, 0x03, 0x9d, 0xfe, 0xc7, 0x10, 0x03, 0xfa, 0x00, 0x08, 0xff, 0xff, 0xff, 0xfe,
    0x30, 0x3f, 0xa0, 0x07, 0xff, 0x82, 0x01, 0x5c, 0xfe, 0x30, 0x59, 0x02, 0xff, 0x40, 0x00, 0x00,
    0x0a, 0xfb, 0x1b, 0x30, 0x8f, 0x90, 0x00, 0x00, 0x00, 0x1e, 0xfc, 0x40, 0x0c, 0xf3, 0x00, 0x00,
    0x00, 0x00, 0x9f, 0x70, 0x00, 0xef, 0x00, 0x00, 0x00, 0x00, 0x06, 0xf8, 0x00, 0x0f, 0xe0, 0x00,
    0x00, 0x00, 0x00, 0x5f, 0x90, 0x00, 0xef, 0x00, 0x00, 0x00, 0x00, 0x06, 0xf8, 0x00, 0x0c, 0xf3,
    0x00, 0x00, 0x00, 0x00, 0x9f, 0x60, 0x00, 0x8f, 0x80, 0x00, 0x00, 0x00, 0x1e, 0xf1, 0x00, 0x02,
    0xef, 0x40, 0x00, 0x00, 0x0a, 0xfa, 0x00, 0x00, 0x06, 0xff, 0x83, 0x01, 0x4b, 0xfe, 0x10, 0x00,
    0x00, 0x06, 0xff, 0xff, 0xff, 0xfd, 0x20, 0x00, 0x00, 0x00, 0x02, 0x9d, 0xee, 0xb6, 0x10, 0x00,
    0x00, 0x00, 0x2c, 0xea, 0x5b, 0xb0, 0x00, 0x00, 0x0a, 0xc4, 0x9e, 0xd3, 0x00, 0x00, 0x00, 0x00,
    0x00, 0x00, 0x00, 0x00, 0x00, 0x01, 0x9d, 0xfd, 0x92, 0x06, 0xf8, 0x02, 0xdf, 0xff, 0xff, 0xe2,
    0x6f, 0x70, 0xbf, 0xc3, 0x13, 0xbf, 0xb0, 0x86, 0x1f, 0xe1, 0x00, 0x01, 0xdf, 0x3c, 0x24, 0xf9,
    0x00, 0x00, 0x08, 0xfd, 0x30, 0x5f, 0x80, 0x00, 0x00, 0x7f, 0x50, 0x04, 0xf9, 0x00, 0x00, 0x09,
    0xf4, 0x00, 0x1f, 0xe1, 0x00, 0x01, 0xdf, 0x10, 0x00, 0xaf, 0xb3, 0x13, 0xbf, 0xb0, 0x00, 0x02,
    0xdf, 0xff, 0xff, 0xd2, 0x00, 0x00, 0x02, 0x9d, 0xfd, 0x81, 0x00, 0x00, 0x00, 0x00, 0x39, 0xdf,
    0xec, 0x71, 0x00, 0x3f, 0xa0, 0x00, 0x8f, 0xff, 0xff, 0xff, 0xe3, 0x03, 0xfa, 0x00, 0x7f, 0xf8,
    0x20, 0x15, 0xcf, 0xe3, 0x05, 0x90, 0x2f, 0xf4, 0x00, 0x00, 0x00, 0xaf, 0xb1, 0xb3, 0x08, 0xf9,
    0x00, 0x00, 0x00, 0x01, 0xef, 0xc4, 0x00, 0xcf, 0x30, 0x00, 0x00, 0x00, 0x09, 0xf7, 0x00, 0x0e,
    0xf0, 0x00, 0x00, 0x00, 0x00, 0x6f, 0x80, 0x00, 0xfe, 0x00, 0x00, 0x00, 0x00, 0x05, 0xf9, 0x00,
    0x0e, 0xf0, 0x00, 0x00, 0x00, 0x00, 0x6f, 0x80, 0x00, 0xcf, 0x30, 0x00, 0x00, 0x00, 0x09, 0xf6,
    0x00, 0x08, 0xf8, 0x00, 0x00, 0x00, 0x01, 0xef, 0x10, 0x00, 0x2e, 0xf4, 0x00, 0x00, 0x00, 0xaf,
    0xa0, 0x00, 0x00, 0x6f, 0xf8, 0x30, 0x14, 0xbf, 0xe1, 0x00, 0x00, 0x00, 0x6f, 0xff, 0xff, 0xff,
    0xd2, 0x00, 0x00, 0x00, 0x00, 0x29, 0xde, 0xeb, 0x61, 0x00, 0x00, 0x00, 0x00, 0x00, 0x00, 0x00,
    0x00, 0x00, 0x00, 0x00, 0x00, 0x00, 0x00, 0x4f, 0xb0, 0x00, 0x00, 0x00, 0x00, 0x00, 0x00, 0x04,
    0xfb, 0x00, 0x00, 0x00, 0x00, 0x00, 0x19, 0xdf, 0xd9, 0x20, 0x6f, 0x80, 0x2d, 0xff, 0xff, 0xfe,
    0x26, 0xf7, 0x0b, 0xfc, 0x31, 0x3b, 0xfb, 0x08, 0x61, 0xfe, 0x10, 0x00, 0x1d, 0xf3, 0xc2, 0x4f,
    0x90, 0x00, 0x00, 0x8f, 0xd3, 0x05, 0xf8, 0x00, 0x00, 0x07, 0xf5, 0x00, 0x4f, 0x90, 0x00, 0x00,
    0x9f, 0x40, 0x01, 0xfe, 0x10, 0x00, 0x1d, 0xf1, 0x00, 0x0a, 0xfb, 0x31, 0x3b, 0xfb, 0x00, 0x00,
    0x2d, 0xff, 0xff, 0xfd, 0x20, 0x00, 0x00, 0x29, 0xdf, 0xd8, 0x10, 0x00, 0x00, 0x00, 0x00, 0x00,
    0x00, 0x00, 0x00, 0x00, 0x00, 0x8f, 0x70, 0x00, 0x00, 0x00, 0x00, 0x08, 0xf7, 0x00, 0x00, 0x00,
    0x6f, 0x70, 0x00, 0x00, 0x01, 0xfc, 0x6f, 0x70, 0x00, 0x00, 0x01, 0xfc, 0x6f, 0x70, 0x00, 0x00,
    0x01, 0xfc, 0x6f, 0x70, 0x00, 0x00, 0x01, 0xfc, 0x6f, 0x70, 0x00, 0x00, 0x01, 0xfc, 0x6f, 0x70,
    0x00, 0x00, 0x01, 0xfc, 0x6f, 0x70, 0x00, 0x00, 0x01, 0xfc, 0x6f, 0x70, 0x00, 0x00, 0x01, 0xfc,
    0x6f, 0x70, 0x00, 0x00, 0x01, 0xfc, 0x5f, 0x80, 0x00, 0x00, 0x02, 0xfc, 0x4f, 0x90, 0x00, 0x00,
    0x04, 0xfa, 0x1f, 0xd0, 0x00, 0x00, 0x08, 0xf7, 0x0a, 0xfa, 0x10, 0x00, 0x5e, 0xf2, 0x02, 0xdf,
    0xfc, 0xce, 0xff, 0x60, 0x00, 0x18, 0xce, 0xfd, 0xa3, 0x00, 0x00, 0x00, 0x00, 0x00, 0x00, 0x00,
    0x00, 0x00, 0x0d, 0xf2, 0x00, 0x00, 0x00, 0x00, 0x0d, 0xf2, 0x00, 0x00, 0xbf, 0x00, 0x00, 0x1f,
    0xab, 0xf0, 0x00, 0x01, 0xfa, 0xbf, 0x00, 0x00, 0x1f, 0xab, 0xf0, 0x00, 0x01, 0xfa, 0xbf, 0x00,
    0x00, 0x1f, 0xab, 0xf0, 0x00, 0x01, 0xfa, 0xbf, 0x10, 0x00, 0x2f, 0xaa, 0xf1, 0x00, 0x04, 0xfa,
    0x8f, 0x60, 0x00, 0xbf, 0xa3, 0xff, 0x98, 0xdd, 0xea, 0x04, 0xce, 0xe9, 0x1d, 0xa0, 0x00, 0x00,
    0x00, 0x00, 0x00, 0x0d, 0xf2, 0x00, 0x00, 0x00, 0xdf, 0x20, 0x00, 0x00, 0x00, 0xbf, 0xd8, 0x00,
    0x00, 0x00, 0x00, 0x00, 0x8f, 0x50, 0x00, 0x00, 0x00, 0x07, 0xfb, 0x10, 0x00, 0x00, 0x00, 0x00,
    0x00, 0x00, 0x00, 0x6f, 0x70, 0x00, 0x00, 0x01, 0xfc, 0x6f, 0x70, 0x00, 0x00, 0x01, 0xfc, 0x6f,
    0x70, 0x00, 0x00, 0x01, 0xfc, 0x6f, 0x70, 0x00, 0x00, 0x01, 0xfc, 0x6f, 0x70, 0x00, 0x00, 0x01,
    0xfc, 0x6f, 0x70, 0x00, 0x00, 0x01, 0xfc, 0x6f, 0x70, 0x00, 0x00, 0x01, 0xfc, 0x6f, 0x70, 0x00,
    0x00, 0x01, 0xfc, 0x6f, 0x70, 0x00, 0x00, 0x01, 0xfc, 0x5f, 0x80, 0x00, 0x00, 0x02, 0xfc, 0x4f,
    0x90, 0x00, 0x00, 0x04, 0xfa, 0x1f, 0xd0, 0x00, 0x00, 0x08, 0xf7, 0x0a, 0xfa, 0x10, 0x00, 0x5e,
    0xf2, 0x02, 0xdf, 0xfc, 0xce, 0xff, 0x60, 0x00, 0x18, 0xce, 0xfd, 0xa3, 0x00, 0x00, 0x5f, 0xeb,
    0x30, 0x00, 0x00, 0x03, 0xeb, 0x00, 0x00, 0x01, 0xfd, 0x50, 0x00, 0x00, 0x00, 0x00, 0x00, 0xbf,
    0x00, 0x00, 0x1f, 0xab, 0xf0, 0x00, 0x01, 0xfa, 0xbf, 0x00, 0x00, 0x1f, 0xab, 0xf0, 0x00, 0x01,
    0xfa, 0xbf, 0x00, 0x00, 0x1f, 0xab, 0xf0, 0x00, 0x01, 0xfa, 0xbf, 0x10, 0x00, 0x2f, 0xaa, 0xf1,
    0x00, 0x04, 0xfa, 0x8f, 0x60, 0x00, 0xbf, 0xa3, 0xff, 0x98, 0xdd, 0xea, 0x04, 0xce, 0xe9, 0x1d,
    0xa0, 0x00, 0x00, 0x00, 0xef, 0x40, 0x00, 0x00, 0x00, 0x00, 0x00, 0x05, 0xf8, 0x00, 0x00, 0x00,
    0x00, 0x00, 0x00, 0x0c, 0xc0, 0x00, 0x00, 0x00, 0x00, 0x00, 0x00, 0x00, 0x00, 0x00, 0x00, 0x00,
    0x00, 0x6f, 0x70, 0x00, 0x00, 0x01, 0xfc, 0x09, 0xf4, 0x6f, 0x70, 0x00, 0x00, 0x01, 0xfc, 0x09,
    0xf4, 0x6f, 0x70, 0x00, 0x00, 0x01, 0xfc, 0x00, 0xb3, 0x6f, 0x70, 0x00, 0x00, 0x01, 0xfc, 0x00,
    0xd1, 0x6f, 0x70, 0x00, 0x00, 0x01, 0xfc, 0x19, 0x90, 0x6f, 0x70, 0x00, 0x00, 0x01, 0xff, 0xd8,
    0x00, 0x6f, 0x70, 0x00, 0x00, 0x01, 0xfc, 0x00, 0x00, 0x6f, 0x70, 0x00, 0x00, 0x01, 0xfc, 0x00,
    0x00, 0x6f, 0x70, 0x00, 0x00, 0x01, 0xfc, 0x00, 0x00, 0x5f, 0x80, 0x00, 0x00, 0x02, 0xfc, 0x00,
    0x00, 0x4f, 0xa0, 0x00, 0x00, 0x04, 0xfb, 0x00, 0x00, 0x1f, 0xe1, 0x00, 0x00, 0x0a, 0xf8, 0x00,
    0x00, 0x0a, 0xfd, 0x41, 0x02, 0x8f, 0xf2, 0x00, 0x00, 0x02, 0xdf, 0xff, 0xff, 0xff, 0x60, 0x00,
    0x00, 0x00, 0x18, 0xce, 0xfd, 0xa3, 0x00, 0x00, 0x00, 0x00, 0x00, 0x8f, 0xa0, 0x00, 0x00, 0x00,
    0x00, 0xed, 0x10, 0x00, 0x00, 0x00, 0x05, 0xf4, 0x00, 0x00, 0x00, 0x00, 0x00, 0x00, 0x00, 0x00,
    0x00, 0xbf, 0x00, 0x00, 0x1f, 0xa1, 0xfc, 0xbf, 0x00, 0x00, 0x1f, 0xa1, 0xfc, 0xbf, 0x00, 0x00,
    0x1f, 0xa0, 0x3a, 0xbf, 0x00, 0x00, 0x1f, 0xa0, 0xa5, 0xbf, 0x00, 0x00, 0x1f, 0xdb, 0x50, 0xbf,
    0x00, 0x00, 0x1f, 0xa0, 0x00, 0xbf, 0x10, 0x00, 0x2f, 0xa0, 0x00, 0xaf, 0x20, 0x00, 0x6f, 0xa0,
    0x00, 0x8f, 0xb2, 0x15, 0xef, 0xa0, 0x00, 0x2f, 0xff, 0xff, 0x9d, 0xa0, 0x00, 0x04, 0xbe, 0xe8,
    0x0d, 0xa0, 0x00, 0x00, 0x01, 0xdf, 0x40, 0x00, 0x00, 0x00, 0x00, 0x00, 0x00, 0x3f, 0xa0, 0x00,
    0x00, 0x00, 0x00, 0x00, 0x00, 0x07, 0xf2, 0x00, 0x00, 0x00, 0x00, 0x00, 0x00, 0x00, 0x00, 0x00,
    0x00, 0x00, 0x00, 0x6f, 0x70, 0x00, 0x00, 0x01, 0xfc, 0x09, 0xf4, 0x6f, 0x70, 0x00, 0x00, 0x01,
    0xfc, 0x09, 0xf4, 0x6f, 0x70, 0x00, 0x00, 0x01, 0xfc, 0x00, 0xb3, 0x6f, 0x70, 0x00, 0x00, 0x01,
    0xfc, 0x00, 0xd1, 0x6f, 0x70, 0x00, 0x00, 0x01, 0xfc, 0x19, 0x90, 0x6f, 0x70, 0x00, 0x00, 0x01,
    0xff, 0xd8, 0x00, 0x6f, 0x70, 0x00, 0x00, 0x01, 0xfc, 0x00, 0x00, 0x6f, 0x70, 0x00, 0x00, 0x01,
    0xfc, 0x00, 0x00, 0x6f, 0x70, 0x00, 0x00, 0x01, 0xfc, 0x00, 0x00, 0x5f, 0x80, 0x00, 0x00, 0x02,
    0xfc, 0x00, 0x00, 0x4f, 0xa0, 0x00, 0x00, 0x04, 0xfb, 0x00, 0x00, 0x1f, 0xe1, 0x00, 0x00, 0x0a,
    0xf8, 0x00, 0x00, 0x0a, 0xfd, 0x41, 0x02, 0x8f, 0xf2, 0x00, 0x00, 0x02, 0xdf, 0xff, 0xff, 0xff,
    0x60, 0x00, 0x00, 0x00, 0x18, 0xce, 0xfd, 0xa3, 0x00, 0x00, 0x00, 0x00, 0x9f, 0x90, 0x00, 0x00,
    0x00, 0x00, 0x0c, 0xf1, 0x00, 0x00, 0x00, 0x00, 0x02, 0xe7, 0x00, 0x00, 0x00, 0x00, 0x00, 0x00,
    0x00, 0x00, 0x00, 0xbf, 0x00, 0x00, 0x1f, 0xa1, 0xfc, 0xbf, 0x00, 0x00, 0x1f, 0xa1, 0xfc, 0xbf,
    0x00, 0x00, 0x1f, 0xa0, 0x3a, 0xbf, 0x00, 0x00, 0x1f, 0xa0, 0xa5, 0xbf, 0x00, 0x00, 0x1f, 0xdb,
    0x50, 0xbf, 0x00, 0x00, 0x1f, 0xa0, 0x00, 0xbf, 0x10, 0x00, 0x2f, 0xa0, 0x00, 0xaf, 0x20, 0x00,
    0x6f, 0xa0, 0x00, 0x8f, 0xb2, 0x15, 0xef, 0xa0, 0x00, 0x2f, 0xff, 0xff, 0x9d, 0xa0, 0x00, 0x04,
    0xbe, 0xe8, 0x0d, 0xa0, 0x00, 0x00, 0x00, 0xbf, 0xd8, 0x00, 0x00, 0x00, 0x00, 0x00, 0x00, 0x00,
    0x8f, 0x50, 0x00, 0x00, 0x00, 0x00, 0x00, 0x07, 0xfb, 0x10, 0x00, 0x00, 0x00, 0x00, 0x00, 0x00,
    0x00, 0x00, 0x00, 0x00, 0x00, 0x6f, 0x70, 0x00, 0x00, 0x01, 0xfc, 0x09, 0xf4, 0x6f, 0x70, 0x00,
    0x00, 0x01, 0xfc, 0x09, 0xf4, 0x6f, 0x70, 0x00, 0x00, 0x01, 0xfc, 0x00, 0xb3, 0x6f, 0x70, 0x00,
    0x00, 0x01, 0xfc, 0x00, 0xd1, 0x6f, 0x70, 0x00, 0x00, 0x01, 0xfc, 0x19, 0x90, 0x6f, 0x70, 0x00,
    0x00, 0x01, 0xff, 0xd8, 0x00, 0x6f, 0x70, 0x00, 0x00, 0x01, 0xfc, 0x00, 0x00, 0x6f, 0x70, 0x00,
    0x00, 0x01, 0xfc, 0x00, 0x00, 0x6f, 0x70, 0x00, 0x00, 0x01, 0xfc, 0x00, 0x00, 0x5f, 0x80, 0x00,
    0x00, 0x02, 0xfc, 0x00, 0x00, 0x4f, 0xa0, 0x00, 0x00, 0x04, 0xfb, 0x00, 0x00, 0x1f, 0xe1, 0x00,
    0x00, 0x0a, 0xf8, 0x00, 0x00, 0x0a, 0xfd, 0x41, 0x02, 0x8f, 0xf2, 0x00, 0x00, 0x02, 0xdf, 0xff,
    0xff, 0xff, 0x60, 0x00, 0x00, 0x00, 0x18, 0xce, 0xfd, 0xa3, 0x00, 0x00, 0x00, 0x00, 0x5f, 0xeb,
    0x30, 0x00, 0x00, 0x00, 0x00, 0x3e, 0xb0, 0x00, 0x00, 0x00, 0x01, 0xfd, 0x50, 0x00, 0x00, 0x00,
    0x00, 0x00, 0x00, 0x00, 0x00, 0xbf, 0x00, 0x00, 0x1f, 0xa1, 0xfc, 0xbf, 0x00, 0x00, 0x1f, 0xa1,
    0xfc, 0xbf, 0x00, 0x00, 0x1f, 0xa0, 0x3a, 0xbf, 0x00, 0x00, 0x1f, 0xa0, 0xa5, 0xbf, 0x00, 0x00,
    0x1f, 0xdb, 0x50, 0xbf, 0x00, 0x00, 0x1f, 0xa0, 0x00, 0xbf, 0x10, 0x00, 0x2f, 0xa0, 0x00, 0xaf,
    0x20, 0x00, 0x6f, 0xa0, 0x00, 0x8f, 0xb2, 0x15, 0xef, 0xa0, 0x00, 0x2f, 0xff, 0xff, 0x9d, 0xa0,
    0x00, 0x04, 0xbe, 0xe8, 0x0d, 0xa0, 0x00, 0x00, 0x04, 0xdd, 0x95, 0xd8, 0x00, 0x00, 0x00, 0x00,
    0x0d, 0xa4, 0xae, 0xc1, 0x00, 0x00, 0x00, 0x00, 0x00, 0x00, 0x00, 0x00, 0x00, 0x00, 0x00, 0x6f,
    0x70, 0x00, 0x00, 0x01, 0xfc, 0x09, 0xf4, 0x6f, 0x70, 0x00, 0x00, 0x01, 0xfc, 0x09, 0xf4, 0x6f,
    0x70, 0x00, 0x00, 0x01, 0xfc, 0x00, 0xb3, 0x6f, 0x70, 0x00, 0x00, 0x01, 0xfc, 0x00, 0xd1, 0x6f,
    0x70, 0x00, 0x00, 0x01, 0xfc, 0x19, 0x90, 0x6f, 0x70, 0x00, 0x00, 0x01, 0xff, 0xd8, 0x00, 0x6f,
    0x70, 0x00, 0x00, 0x01, 0xfc, 0x00, 0x00, 0x6f, 0x70, 0x00, 0x00, 0x01, 0xfc, 0x00, 0x00, 0x6f,
    0x70, 0x00, 0x00, 0x01, 0xfc, 0x00, 0x00, 0x5f, 0x80, 0x00, 0x00, 0x02, 0xfc, 0x00, 0x00, 0x4f,
    0xa0, 0x00, 0x00, 0x04, 0xfb, 0x00, 0x00, 0x1f, 0xe1, 0x00, 0x00, 0x0a, 0xf8, 0x00, 0x00, 0x0a,
    0xfd, 0x41, 0x02, 0x8f, 0xf2, 0x00, 0x00, 0x02, 0xdf, 0xff, 0xff, 0xff, 0x60, 0x00, 0x00, 0x00,
    0x18, 0xce, 0xfd, 0xa3, 0x00, 0x00, 0x00, 0x02, 0xce, 0xa5, 0xab, 0x00, 0x00, 0x09, 0xc4, 0x8d,
    0xd4, 0x00, 0x00, 0x00, 0x00, 0x00, 0x00, 0x00, 0x00, 0xbf, 0x00, 0x00, 0x1f, 0xa1, 0xfc, 0xbf,
    0x00, 0x00, 0x1f, 0xa1, 0xfc, 0xbf, 0x00, 0x00, 0x1f, 0xa0, 0x3a, 0xbf, 0x00, 0x00, 0x1f, 0xa0,
    0xa5, 0xbf, 0x00, 0x00, 0x1f, 0xdb, 0x50, 0xbf, 0x00, 0x00, 0x1f, 0xa0, 0x00, 0xbf, 0x10, 0x00,
    0x2f, 0xa0, 0x00, 0xaf, 0x20, 0x00, 0x6f, 0xa0, 0x00, 0x8f, 0xb2, 0x15, 0xef, 0xa0, 0x00, 0x2f,
    0xff, 0xff, 0x9d, 0xa0, 0x00, 0x04, 0xbe, 0xe8, 0x0d, 0xa0, 0x00, 0x6f, 0x70, 0x00, 0x00, 0x01,
    0xfc, 0x09, 0xf4, 0x6f, 0x70, 0x00, 0x00, 0x01, 0xfc, 0x09, 0xf4, 0x6f, 0x70, 0x00, 0x00, 0x01,
    0xfc, 0x00, 0xb3, 0x6f, 0x70, 0x00, 0x00, 0x01, 0xfc, 0x00, 0xd1, 0x6f, 0x70, 0x00, 0x00, 0x01,
    0xfc, 0x19, 0x90, 0x6f, 0x70, 0x00, 0x00, 0x01, 0xff, 0xd8, 0x00, 0x6f, 0x70, 0x00, 0x00, 0x01,
    0xfc, 0x00, 0x00, 0x6f, 0x70, 0x00, 0x00, 0x01, 0xfc, 0x00, 0x00, 0x6f, 0x70, 0x00, 0x00, 0x01,
    0xfc, 0x00, 0x00, 0x5f, 0x80, 0x00, 0x00, 0x02, 0xfc, 0x00, 0x00, 0x4f, 0xa0, 0x00, 0x00, 0x04,
    0xfb, 0x00, 0x00, 0x1f, 0xe1, 0x00, 0x00, 0x0a, 0xf8, 0x00, 0x00, 0x0a, 0xfd, 0x41, 0x02, 0x8f,
    0xf2, 0x00, 0x00, 0x02, 0xdf, 0xff, 0xff, 0xff, 0x60, 0x00, 0x00, 0x00, 0x18, 0xce, 0xfd, 0xa3,
    0x00, 0x00, 0x00, 0x00, 0x00, 0x00, 0x00, 0x00, 0x00, 0x00, 0x00, 0x00, 0x00, 0x0d, 0xf2, 0x00,
    0x00, 0x00, 0x00, 0x00, 0x00, 0x0d, 0xf2, 0x00, 0x00, 0x00, 0x00, 0xbf, 0x00, 0x00, 0x1f, 0xa1,
    0xfc, 0xbf, 0x00, 0x00, 0x1f, 0xa1, 0xfc, 0xbf, 0x00, 0x00, 0x1f, 0xa0, 0x3a, 0xbf, 0x00, 0x00,
    0x1f, 0xa0, 0xa5, 0xbf, 0x00, 0x00, 0x1f, 0xdb, 0x50, 0xbf, 0x00, 0x00, 0x1f, 0xa0, 0x00, 0xbf,
    0x10, 0x00, 0x2f, 0xa0, 0x00, 0xaf, 0x20, 0x00, 0x6f, 0xa0, 0x00, 0x8f, 0xb2, 0x15, 0xef, 0xa0,
    0x00, 0x2f, 0xff, 0xff, 0x9d, 0xa0, 0x00, 0x04, 0xbe, 0xe8, 0x0d, 0xa0, 0x00, 0x00, 0x00, 0x00,
    0x00, 0x00, 0x00, 0x00, 0x0d, 0xf2, 0x00, 0x00, 0x00, 0x00, 0x0d, 0xf2, 0x00, 0x00, 0x00, 0x00,
    0x00, 0x8f, 0xa0, 0x00, 0x00, 0x00, 0x00, 0x00, 0x0b, 0xf2, 0x00, 0x00, 0x00, 0x00, 0x00, 0x01,
    0xe9, 0x00, 0x00, 0x00, 0x00, 0x00, 0x00, 0x00, 0x00, 0x00, 0x00, 0xaf, 0xa0, 0x00, 0x00, 0x00,
    0x5f, 0xd0, 0x1e, 0xf4, 0x00, 0x00, 0x00, 0xdf, 0x40, 0x06, 0xfc, 0x00, 0x00, 0x08, 0xf9, 0x00,
    0x00, 0xcf, 0x60, 0x00, 0x2e, 0xe1, 0x00, 0x00, 0x3f, 0xe1, 0x00, 0xaf, 0x50, 0x00, 0x00, 0x09,
    0xf8, 0x04, 0xfa, 0x00, 0x00, 0x00, 0x01, 0xef, 0x2c, 0xe2, 0x00, 0x00, 0x00, 0x00, 0x5f, 0xdf,
    0x60, 0x00, 0x00, 0x00, 0x00, 0x0b, 0xfc, 0x00, 0x00, 0x00, 0x00, 0x00, 0x06, 0xf7, 0x00, 0x00,
    0x00, 0x00, 0x00, 0x06, 0xf7, 0x00, 0x00, 0x00, 0x00, 0x00, 0x06, 0xf7, 0x00, 0x00, 0x00, 0x00,
    0x00, 0x06, 0xf7, 0x00, 0x00, 0x00, 0x00, 0x00, 0x06, 0xf7, 0x00, 0x00, 0x00, 0x00, 0x00, 0x06,
    0xf7, 0x00, 0x00, 0x00, 0x00, 0x1d, 0xf3, 0x00, 0x00, 0x00, 0x04, 0xfa, 0x00, 0x00, 0x00, 0x00,
    0x7f, 0x20, 0x00, 0x00, 0x00, 0x00, 0x00, 0x00, 0x7f, 0x60, 0x00, 0x02, 0xfa, 0x2f, 0xb0, 0x00,
    0x07, 0xf4, 0x0c, 0xf1, 0x00, 0x0c, 0xe0, 0x06, 0xf6, 0x00, 0x2f, 0x80, 0x01, 0xfb, 0x00, 0x7f,
    0x30, 0x00, 0xbf, 0x10, 0xcc, 0x00, 0x00, 0x5f, 0x62, 0xf7, 0x00, 0x00, 0x1e, 0xa7, 0xf2, 0x00,
    0x00, 0x09, 0xeb, 0xb0, 0x00, 0x00, 0x04, 0xff, 0x50, 0x00, 0x00, 0x00, 0xee, 0x10, 0x00, 0x00,
    0x00, 0xea, 0x00, 0x00, 0x00, 0x07, 0xf4, 0x00, 0x00, 0x0b, 0xdf, 0xb0, 0x00, 0x00, 0x0a, 0xeb,
    0x10, 0x00, 0x00, 0xaf, 0xa0, 0x00, 0x00, 0x00, 0x5f, 0xd0, 0x1e, 0xf4, 0x00, 0x00, 0x00, 0xdf,
    0x40, 0x06, 0xfc, 0x00, 0x00, 0x08, 0xf9, 0x00, 0x00, 0xcf, 0x60, 0x00, 0x2e, 0xe1, 0x00, 0x00,
    0x3f, 0xe1, 0x00, 0xaf, 0x50, 0x00, 0x00, 0x09, 0xf8, 0x04, 0xfa, 0x00, 0x00, 0x00, 0x01, 0xef,
    0x2c, 0xe2, 0x00, 0x00, 0x00, 0x00, 0x5f, 0xdf, 0x60, 0x00, 0x00, 0x00, 0x00, 0x0b, 0xfc, 0x00,
    0x00, 0x00, 0x00, 0x00, 0x06, 0xf7, 0x00, 0x00, 0x00, 0x00, 0x00, 0x06, 0xf7, 0x00, 0x00, 0x00,
    0x00, 0x00, 0x06, 0xf7, 0x00, 0x00, 0x00, 0x00, 0x00, 0x06, 0xf7, 0x00, 0x00, 0x00, 0x00, 0x00,
    0x06, 0xf7, 0x00, 0x00, 0x00, 0x00, 0x00, 0x06, 0xf7, 0x00, 0x00, 0x00, 0x00, 0x00, 0x00, 0x00,
    0x00, 0x00, 0x00, 0x00, 0x00, 0x07, 0xf8, 0x00, 0x00, 0x00, 0x00, 0x00, 0x07, 0xf8, 0x00, 0x00,
    0x00, 0x7f, 0x60, 0x00, 0x02, 0xfa, 0x2f, 0xb0, 0x00, 0x07, 0xf4, 0x0c, 0xf1, 0x00, 0x0c, 0xe0,
    0x06, 0xf6, 0x00, 0x2f, 0x80, 0x01, 0xfb, 0x00, 0x7f, 0x30, 0x00, 0xbf, 0x10, 0xcc, 0x00, 0x00,
    0x5f, 0x62, 0xf7, 0x00, 0x00, 0x1e, 0xa7, 0xf2, 0x00, 0x00, 0x09, 0xeb, 0xb0, 0x00, 0x00, 0x04,
    0xff, 0x50, 0x00, 0x00, 0x00, 0xee, 0x10, 0x00, 0x00, 0x00, 0xea, 0x00, 0x00, 0x00, 0x07, 0xf4,
    0x4f, 0xb0, 0x0b, 0xdf, 0xb0, 0x4f, 0xb0, 0x0a, 0xeb, 0x10, 0x00, 0x00, 0x00, 0x00, 0x4f, 0xeb,
    0x30, 0x00, 0x00, 0x00, 0x00, 0x00, 0x2d, 0xc0, 0x00, 0x00, 0x00, 0x00, 0x00, 0xfe, 0x60, 0x00,
    0x00, 0x00, 0x00, 0x00, 0x00, 0x00, 0x00, 0x00, 0xaf, 0xa0, 0x00, 0x00, 0x00, 0x5f, 0xd0, 0x1e,
    0xf4, 0x00, 0x00, 0x00, 0xdf, 0x40, 0x06, 0xfc, 0x00, 0x00, 0x08, 0xf9, 0x00, 0x00, 0xcf, 0x60,
    0x00, 0x2e, 0xe1, 0x00, 0x00, 0x3f, 0xe1, 0x00, 0xaf, 0x50, 0x00, 0x00, 0x09, 0xf8, 0x04, 0xfa,
    0x00, 0x00, 0x00, 0x01, 0xef, 0x2c, 0xe2, 0x00, 0x00, 0x00, 0x00, 0x5f, 0xdf, 0x60, 0x00, 0x00,
    0x00, 0x00, 0x0b, 0xfc, 0x00, 0x00, 0x00, 0x00, 0x00, 0x06, 0xf7, 0x00, 0x00, 0x00, 0x00, 0x00,
    0x06, 0xf7, 0x00, 0x00, 0x00, 0x00, 0x00, 0x06, 0xf7, 0x00, 0x00, 0x00, 0x00, 0x00, 0x06, 0xf7,
    0x00, 0x00, 0x00, 0x00, 0x00, 0x06, 0xf7, 0x00, 0x00, 0x00, 0x00, 0x00, 0x06, 0xf7, 0x00, 0x00,
    0x00, 0x00, 0x0a, 0xfe, 0x91, 0x00, 0x00, 0x00, 0x07, 0xf6, 0x00, 0x00, 0x00, 0x6f, 0xc2, 0x00,
    0x00, 0x00, 0x00, 0x00, 0x00, 0x7f, 0x60, 0x00, 0x02, 0xfa, 0x2f, 0xb0, 0x00, 0x07, 0xf4, 0x0c,
    0xf1, 0x00, 0x0c, 0xe0, 0x06, 0xf6, 0x00, 0x2f, 0x80, 0x01, 0xfb, 0x00, 0x7f, 0x30, 0x00, 0xbf,
    0x10, 0xcc, 0x00, 0x00, 0x5f, 0x62, 0xf7, 0x00, 0x00, 0x1e, 0xa7, 0xf2, 0x00, 0x00, 0x09, 0xeb,
    0xb0, 0x00, 0x00, 0x04, 0xff, 0x50, 0x00, 0x00, 0x00, 0xee, 0x10, 0x00, 0x00, 0x00, 0xea, 0x00,
    0x00, 0x00, 0x07, 0xf4, 0x00, 0x00, 0x0b, 0xdf, 0xb0, 0x00, 0x00, 0x0a, 0xeb, 0x10, 0x00, 0x00,
    0x00, 0x00, 0xae, 0xb6, 0x7f, 0x10, 0x00, 0x00, 0x05, 0xf4, 0x7c, 0xe7, 0x00, 0x00, 0x00, 0x00,
    0x00, 0x00, 0x00, 0x00, 0x00, 0xaf, 0xa0, 0x00, 0x00, 0x00, 0x5f, 0xd0, 0x1e, 0xf4, 0x00, 0x00,
    0x00, 0xdf, 0x40, 0x06, 0xfc, 0x00, 0x00, 0x08, 0xf9, 0x00, 0x00, 0xcf, 0x60, 0x00, 0x2e, 0xe1,
    0x00, 0x00, 0x3f, 0xe1, 0x00, 0xaf, 0x50, 0x00, 0x00, 0x09, 0xf8, 0x04, 0xfa, 0x00, 0x00, 0x00,
    0x01, 0xef, 0x2c, 0xe2, 0x00, 0x00, 0x00, 0x00, 0x5f, 0xdf, 0x60, 0x00, 0x00, 0x00, 0x00, 0x0b,
    0xfc, 0x00, 0x00, 0x00, 0x00, 0x00, 0x06, 0xf7, 0x00, 0x00, 0x00, 0x00, 0x00, 0x06, 0xf7, 0x00,
    0x00, 0x00, 0x00, 0x00, 0x06, 0xf7, 0x00, 0x00, 0x00, 0x00, 0x00, 0x06, 0xf7, 0x00, 0x00, 0x00,
    0x00, 0x00, 0x06, 0xf7, 0x00, 0x00, 0x00, 0x00, 0x00, 0x06, 0xf7, 0x00, 0x00, 0x00, 0x00, 0x6d,
    0xd8, 0x5e, 0x60, 0x00, 0xe8, 0x5b, 0xeb, 0x10, 0x00, 0x00, 0x00, 0x00, 0x00, 0x7f, 0x60, 0x00,
    0x02, 0xfa, 0x2f, 0xb0, 0x00, 0x07, 0xf4, 0x0c, 0xf1, 0x00, 0x0c, 0xe0, 0x06, 0xf6, 0x00, 0x2f,
    0x80, 0x01, 0xfb, 0x00, 0x7f, 0x30, 0x00, 0xbf, 0x10, 0xcc, 0x00, 0x00, 0x5f, 0x62, 0xf7, 0x00,
    0x00, 0x1e, 0xa7, 0xf2, 0x00, 0x00, 0x09, 0xeb, 0xb0, 0x00, 0x00, 0x04, 0xff, 0x50, 0x00, 0x00,
    0x00, 0xee, 0x10, 0x00, 0x00, 0x00, 0xea, 0x00, 0x00, 0x00, 0x07, 0xf4, 0x00, 0x00, 0x0b, 0xdf,
    0xb0, 0x00, 0x00, 0x0a, 0xeb, 0x10, 0x00, 0x00,
};

/*---------------------
 *  GLYPH DESCRIPTION
 *--------------------*/
static const lv_font_fmt_txt_glyph_dsc_t glyph_dsc[] = {
    {.bitmap_index = 0, .adv_w = 0, .box_w = 0, .box_h = 0, .ofs_x = 0, .ofs_y = 0},
    {.bitmap_index = 0, .adv_w = 96, .box_w = 0, .box_h = 0, .ofs_x = 0, .ofs_y = 0},
    {.bitmap_index = 0, .adv_w = 96, .box_w = 3, .box_h = 15, .ofs_x = 1, .ofs_y = 0},
    {.bitmap_index = 23, .adv_w = 112, .box_w = 7, .box_h = 5, .ofs_x = 0, .ofs_y = 10},
    {.bitmap_index = 41, .adv_w = 176, .box_w = 11, .box_h = 15, .ofs_x = 0, .ofs_y = 0},
    {.bitmap_index = 124, .adv_w = 176, .box_w = 11, .box_h = 18, .ofs_x = 0, .ofs_y = -2},
    {.bitmap_index = 223, .adv_w = 288, .box_w = 16, .box_h = 15, .ofs_x = 1, .ofs_y = 0},
    {.bitmap_index = 343, .adv_w = 208, .box_w = 13, .box_h = 15, .ofs_x = 0, .ofs_y = 0},
    {.bitmap_index = 441, .adv_w = 64, .box_w = 3, .box_h = 5, .ofs_x = 0, .ofs_y = 10},
    {.bitmap_index = 449, .adv_w = 112, .box_w = 5, .box_h = 19, .ofs_x = 1, .ofs_y = -4},
    {.bitmap_index = 497, .adv_w = 112, .box_w = 5, .box_h = 19, .ofs_x = 1, .ofs_y = -4},
    {.bitmap_index = 545, .adv_w = 128, .box_w = 8, .box_h = 6, .ofs_x = 0, .ofs_y = 9},
    {.bitmap_index = 569, .adv_w = 192, .box_w = 10, .box_h = 10, .ofs_x = 1, .ofs_y = 2},
    {.bitmap_index = 619, .adv_w = 96, .box_w = 3, .box_h = 5, .ofs_x = 1, .ofs_y = -3},
    {.bitmap_index = 627, .adv_w = 112, .box_w = 7, .box_h = 2, .ofs_x = 0, .ofs_y = 4},
    {.bitmap_index = 634, .adv_w = 96, .box_w = 3, .box_h = 2, .ofs_x = 1, .ofs_y = 0},
    {.bitmap_index = 637, .adv_w = 96, .box_w = 6, .box_h = 15, .ofs_x = 0, .ofs_y = 0},
    {.bitmap_index = 682, .adv_w = 176, .box_w = 11, .box_h = 15, .ofs_x = 0, .ofs_y = 0},
    {.bitmap_index = 765, .adv_w = 176, .box_w = 6, .box_h = 15, .ofs_x = 2, .ofs_y = 0},
    {.bitmap_index = 810, .adv_w = 176, .box_w = 11, .box_h = 15, .ofs_x = 0, .ofs_y = 0},
    {.bitmap_index = 893, .adv_w = 176, .box_w = 11, .box_h = 15, .ofs_x = 0, .ofs_y = 0},
    {.bitmap_index = 976, .adv_w = 176, .box_w = 11, .box_h = 15, .ofs_x = 0, .ofs_y = 0},
    {.bitmap_index = 1059, .adv_w = 176, .box_w = 11, .box_h = 15, .ofs_x = 0, .ofs_y = 0},
    {.bitmap_index = 1142, .adv_w = 176, .box_w = 11, .box_h = 15, .ofs_x = 0, .ofs_y = 0},
    {.bitmap_index = 1225, .adv_w = 176, .box_w = 11, .box_h = 15, .ofs_x = 0, .ofs_y = 0},
    {.bitmap_index = 1308, .adv_w = 176, .box_w = 11, .box_h = 15, .ofs_x = 0, .ofs_y = 0},
    {.bitmap_index = 1391, .adv_w = 176, .box_w = 11, .box_h = 15, .ofs_x = 0, .ofs_y = 0},
    {.bitmap_index = 1474, .adv_w = 96, .box_w = 3, .box_h = 10, .ofs_x = 1, .ofs_y = 0},
    {.bitmap_index = 1489, .adv_w = 96, .box_w = 3, .box_h = 13, .ofs_x = 1, .ofs_y = -3},
    {.bitmap_index = 1509, .adv_w = 192, .box_w = 10, .box_h = 10, .ofs_x = 1, .ofs_y = 2},
    {.bitmap_index = 1559, .adv_w = 192, .box_w = 10, .box_h = 6, .ofs_x = 1, .ofs_y = 4},
    {.bitmap_index = 1589, .adv_w = 192, .box_w = 10, .box_h = 10, .ofs_x = 1, .ofs_y = 2},
    {.bitmap_index = 1639, .adv_w = 176, .box_w = 11, .box_h = 15, .ofs_x = 0, .ofs_y = 0},
    {.bitmap_index = 1722, .adv_w = 320, .box_w = 19, .box_h = 19, .ofs_x = 1, .ofs_y = -4},
    {.bitmap_index = 1903, .adv_w = 208, .box_w = 14, .box_h = 15, .ofs_x = 0, .ofs_y = 0},
    {.bitmap_index = 2008, .adv_w = 208, .box_w = 12, .box_h = 15, .ofs_x = 1, .ofs_y = 0},
    {.bitmap_index = 2098, .adv_w = 224, .box_w = 13, .box_h = 15, .ofs_x = 1, .ofs_y = 0},
    {.bitmap_index = 2196, .adv_w = 224, .box_w = 13, .box_h = 15, .ofs_x = 1, .ofs_y = 0},
    {.bitmap_index = 2294, .adv_w = 208, .box_w = 12, .box_h = 15, .ofs_x = 1, .ofs_y = 0},
    {.bitmap_index = 2384, .adv_w = 192, .box_w = 11, .box_h = 15, .ofs_x = 1, .ofs_y = 0},
    {.bitmap_index = 2467, .adv_w = 256, .box_w = 14, .box_h = 15, .ofs_x = 1, .ofs_y = 0},
    {.bitmap_index = 2572, .adv_w = 224, .box_w = 12, .box_h = 15, .ofs_x = 1, .ofs_y = 0},
    {.bitmap_index = 2662, .adv_w = 96, .box_w = 3, .box_h = 15, .ofs_x = 1, .ofs_y = 0},
    {.bitmap_index = 2685, .adv_w = 160, .box_w = 9, .box_h = 15, .ofs_x = 0, .ofs_y = 0},
    {.bitmap_index = 2753, .adv_w = 208, .box_w = 13, .box_h = 15, .ofs_x = 1, .ofs_y = 0},
    {.bitmap_index = 2851, .adv_w = 176, .box_w = 10, .box_h = 15, .ofs_x = 1, .ofs_y = 0},
    {.bitmap_index = 2926, .adv_w = 272, .box_w = 15, .box_h = 15, .ofs_x = 1, .ofs_y = 0},
    {.bitmap_index = 3039, .adv_w = 224, .box_w = 12, .box_h = 15, .ofs_x = 1, .ofs_y = 0},
    {.bitmap_index = 3129, .adv_w = 256, .box_w = 15, .box_h = 15, .ofs_x = 0, .ofs_y = 0},
    {.bitmap_index = 3242, .adv_w = 208, .box_w = 12, .box_h = 15, .ofs_x = 1, .ofs_y = 0},
    {.bitmap_index = 3332, .adv_w = 256, .box_w = 15, .box_h = 16, .ofs_x = 0, .ofs_y = -1},
    {.bitmap_index = 3452, .adv_w = 224, .box_w = 14, .box_h = 15, .ofs_x = 1, .ofs_y = 0},
    {.bitmap_index = 3557, .adv_w = 208, .box_w = 13, .box_h = 15, .ofs_x = 0, .ofs_y = 0},
    {.bitmap_index = 3655, .adv_w = 192, .box_w = 12, .box_h = 15, .ofs_x = 0, .ofs_y = 0},
    {.bitmap_index = 3745, .adv_w = 224, .box_w = 12, .box_h = 15, .ofs_x = 1, .ofs_y = 0},
    {.bitmap_index = 3835, .adv_w = 208, .box_w = 14, .box_h = 15, .ofs_x = 0, .ofs_y = 0},
    {.bitmap_index = 3940, .adv_w = 304, .box_w = 19, .box_h = 15, .ofs_x = 0, .ofs_y = 0},
    {.bitmap_index = 4083, .adv_w = 208, .box_w = 14, .box_h = 15, .ofs_x = 0, .ofs_y = 0},
    {.bitmap_index = 4188, .adv_w = 208, .box_w = 14, .box_h = 15, .ofs_x = 0, .ofs_y = 0},
    {.bitmap_index = 4293, .adv_w = 192, .box_w = 12, .box_h = 15, .ofs_x = 0, .ofs_y = 0},
    {.bitmap_index = 4383, .adv_w = 96, .box_w = 5, .box_h = 19, .ofs_x = 1, .ofs_y = -4},
    {.bitmap_index = 4431, .adv_w = 96, .box_w = 6, .box_h = 15, .ofs_x = 0, .ofs_y = 0},
    {.bitmap_index = 4476, .adv_w = 96, .box_w = 5, .box_h = 19, .ofs_x = 0, .ofs_y = -4},
    {.bitmap_index = 4524, .adv_w = 144, .box_w = 9, .box_h = 8, .ofs_x = 0, .ofs_y = 7},
    {.bitmap_index = 4560, .adv_w = 176, .box_w = 13, .box_h = 2, .ofs_x = -1, .ofs_y = -5},
    {.bitmap_index = 4573, .adv_w = 112, .box_w = 5, .box_h = 3, .ofs_x = 0, .ofs_y = 11},
    {.bitmap_index = 4581, .adv_w = 176, .box_w = 11, .box_h = 11, .ofs_x = 0, .ofs_y = 0},
    {.bitmap_index = 4642, .adv_w = 176, .box_w = 10, .box_h = 15, .ofs_x = 1, .ofs_y = 0},
    {.bitmap_index = 4717, .adv_w = 160, .box_w = 10, .box_h = 11, .ofs_x = 0, .ofs_y = 0},
    {.bitmap_index = 4772, .adv_w = 176, .box_w = 10, .box_h = 15, .ofs_x = 0, .ofs_y = 0},
    {.bitmap_index = 4847, .adv_w = 176, .box_w = 11, .box_h = 11, .ofs_x = 0, .ofs_y = 0},
    {.bitmap_index = 4908, .adv_w = 96, .box_w = 7, .box_h = 15, .ofs_x = 0, .ofs_y = 0},
    {.bitmap_index = 4961, .adv_w = 176, .box_w = 10, .box_h = 15, .ofs_x = 0, .ofs_y = -4},
    {.bitmap_index = 5036, .adv_w = 176, .box_w = 9, .box_h = 15, .ofs_x = 1, .ofs_y = 0},
    {.bitmap_index = 5104, .adv_w = 64, .box_w = 3, .box_h = 15, .ofs_x = 1, .ofs_y = 0},
    {.bitmap_index = 5127, .adv_w = 64, .box_w = 5, .box_h = 19, .ofs_x = -1, .ofs_y = -4},
    {.bitmap_index = 5175, .adv_w = 160, .box_w = 9, .box_h = 15, .ofs_x = 1, .ofs_y = 0},
    {.bitmap_index = 5243, .adv_w = 64, .box_w = 3, .box_h = 15, .ofs_x = 1, .ofs_y = 0},
    {.bitmap_index = 5266, .adv_w = 272, .box_w = 15, .box_h = 11, .ofs_x = 1, .ofs_y = 0},
    {.bitmap_index = 5349, .adv_w = 176, .box_w = 9, .box_h = 11, .ofs_x = 1, .ofs_y = 0},
    {.bitmap_index = 5399, .adv_w = 176, .box_w = 11, .box_h = 11, .ofs_x = 0, .ofs_y = 0},
    {.bitmap_index = 5460, .adv_w = 176, .box_w = 10, .box_h = 15, .ofs_x = 1, .ofs_y = -4},
    {.bitmap_index = 5535, .adv_w = 176, .box_w = 10, .box_h = 15, .ofs_x = 0, .ofs_y = -4},
    {.bitmap_index = 5610, .adv_w = 112, .box_w = 6, .box_h = 11, .ofs_x = 1, .ofs_y = 0},
    {.bitmap_index = 5643, .adv_w = 160, .box_w = 10, .box_h = 11, .ofs_x = 0, .ofs_y = 0},
    {.bitmap_index = 5698, .adv_w = 96, .box_w = 6, .box_h = 15, .ofs_x = 0, .ofs_y = 0},
    {.bitmap_index = 5743, .adv_w = 176, .box_w = 9, .box_h = 11, .ofs_x = 1, .ofs_y = 0},
    {.bitmap_index = 5793, .adv_w = 160, .box_w = 10, .box_h = 11, .ofs_x = 0, .ofs_y = 0},
    {.bitmap_index = 5848, .adv_w = 224, .box_w = 15, .box_h = 11, .ofs_x = 0, .ofs_y = 0},
    {.bitmap_index = 5931, .adv_w = 160, .box_w = 10, .box_h = 11, .ofs_x = 0, .ofs_y = 0},
    {.bitmap_index = 5986, .adv_w = 160, .box_w = 10, .box_h = 15, .ofs_x = 0, .ofs_y = -4},
    {.bitmap_index = 6061, .adv_w = 160, .box_w = 10, .box_h = 11, .ofs_x = 0, .ofs_y = 0},
    {.bitmap_index = 6116, .adv_w = 112, .box_w = 7, .box_h = 19, .ofs_x = 0, .ofs_y = -4},
    {.bitmap_index = 6183, .adv_w = 80, .box_w = 3, .box_h = 19, .ofs_x = 1, .ofs_y = -4},
    {.bitmap_index = 6212, .adv_w = 112, .box_w = 7, .box_h = 19, .ofs_x = 0, .ofs_y = -4},
    {.bitmap_index = 6279, .adv_w = 192, .box_w = 11, .box_h = 3, .ofs_x = 0, .ofs_y = 6},
    {.bitmap_index = 6296, .adv_w = 208, .box_w = 14, .box_h = 19, .ofs_x = 0, .ofs_y = 0},
    {.bitmap_index = 6429, .adv_w = 208, .box_w = 14, .box_h = 19, .ofs_x = 0, .ofs_y = 0},
    {.bitmap_index = 6562, .adv_w = 208, .box_w = 14, .box_h = 19, .ofs_x = 0, .ofs_y = 0},
    {.bitmap_index = 6695, .adv_w = 208, .box_w = 14, .box_h = 18, .ofs_x = 0, .ofs_y = 0},
    {.bitmap_index = 6821, .adv_w = 208, .box_w = 12, .box_h = 19, .ofs_x = 1, .ofs_y = 0},
    {.bitmap_index = 6935, .adv_w = 208, .box_w = 12, .box_h = 19, .ofs_x = 1, .ofs_y = 0},
    {.bitmap_index = 7049, .adv_w = 208, .box_w = 12, .box_h = 19, .ofs_x = 1, .ofs_y = 0},
    {.bitmap_index = 7163, .adv_w = 96, .box_w = 5, .box_h = 19, .ofs_x = 0, .ofs_y = 0},
    {.bitmap_index = 7211, .adv_w = 96, .box_w = 4, .box_h = 19, .ofs_x = 1, .ofs_y = 0},
    {.bitmap_index = 7249, .adv_w = 256, .box_w = 15, .box_h = 19, .ofs_x = 0, .ofs_y = 0},
    {.bitmap_index = 7392, .adv_w = 256, .box_w = 15, .box_h = 19, .ofs_x = 0, .ofs_y = 0},
    {.bitmap_index = 7535, .adv_w = 256, .box_w = 15, .box_h = 19, .ofs_x = 0, .ofs_y = 0},
    {.bitmap_index = 7678, .adv_w = 256, .box_w = 15, .box_h = 18, .ofs_x = 0, .ofs_y = 0},
    {.bitmap_index = 7813, .adv_w = 224, .box_w = 12, .box_h = 19, .ofs_x = 1, .ofs_y = 0},
    {.bitmap_index = 7927, .adv_w = 224, .box_w = 12, .box_h = 19, .ofs_x = 1, .ofs_y = 0},
    {.bitmap_index = 8041, .adv_w = 208, .box_w = 14, .box_h = 19, .ofs_x = 0, .ofs_y = 0},
    {.bitmap_index = 8174, .adv_w = 176, .box_w = 11, .box_h = 15, .ofs_x = 0, .ofs_y = 0},
    {.bitmap_index = 8257, .adv_w = 176, .box_w = 11, .box_h = 15, .ofs_x = 0, .ofs_y = 0},
    {.bitmap_index = 8340, .adv_w = 176, .box_w = 11, .box_h = 15, .ofs_x = 0, .ofs_y = 0},
    {.bitmap_index = 8423, .adv_w = 176, .box_w = 11, .box_h = 14, .ofs_x = 0, .ofs_y = 0},
    {.bitmap_index = 8500, .adv_w = 176, .box_w = 11, .box_h = 15, .ofs_x = 0, .ofs_y = 0},
    {.bitmap_index = 8583, .adv_w = 176, .box_w = 11, .box_h = 15, .ofs_x = 0, .ofs_y = 0},
    {.bitmap_index = 8666, .adv_w = 176, .box_w = 11, .box_h = 15, .ofs_x = 0, .ofs_y = 0},
    {.bitmap_index = 8749, .adv_w = 96, .box_w = 4, .box_h = 15, .ofs_x = 0, .ofs_y = 0},
    {.bitmap_index = 8779, .adv_w = 96, .box_w = 5, .box_h = 15, .ofs_x = 1, .ofs_y = 0},
    {.bitmap_index = 8817, .adv_w = 176, .box_w = 11, .box_h = 15, .ofs_x = 0, .ofs_y = 0},
    {.bitmap_index = 8900, .adv_w = 176, .box_w = 11, .box_h = 15, .ofs_x = 0, .ofs_y = 0},
    {.bitmap_index = 8983, .adv_w = 176, .box_w = 11, .box_h = 15, .ofs_x = 0, .ofs_y = 0},
    {.bitmap_index = 9066, .adv_w = 176, .box_w = 11, .box_h = 14, .ofs_x = 0, .ofs_y = 0},
    {.bitmap_index = 9143, .adv_w = 176, .box_w = 9, .box_h = 15, .ofs_x = 1, .ofs_y = 0},
    {.bitmap_index = 9211, .adv_w = 176, .box_w = 9, .box_h = 15, .ofs_x = 1, .ofs_y = 0},
    {.bitmap_index = 9279, .adv_w = 160, .box_w = 10, .box_h = 19, .ofs_x = 0, .ofs_y = -4},
    {.bitmap_index = 9374, .adv_w = 208, .box_w = 14, .box_h = 19, .ofs_x = 0, .ofs_y = 0},
    {.bitmap_index = 9507, .adv_w = 176, .box_w = 11, .box_h = 15, .ofs_x = 0, .ofs_y = 0},
    {.bitmap_index = 9590, .adv_w = 224, .box_w = 15, .box_h = 15, .ofs_x = -1, .ofs_y = 0},
    {.bitmap_index = 9703, .adv_w = 176, .box_w = 12, .box_h = 15, .ofs_x = 0, .ofs_y = 0},
    {.bitmap_index = 9793, .adv_w = 96, .box_w = 7, .box_h = 18, .ofs_x = -1, .ofs_y = 0},
    {.bitmap_index = 9856, .adv_w = 96, .box_w = 8, .box_h = 14, .ofs_x = -1, .ofs_y = 0},
    {.bitmap_index = 9912, .adv_w = 224, .box_w = 12, .box_h = 18, .ofs_x = 1, .ofs_y = 0},
    {.bitmap_index = 10020, .adv_w = 176, .box_w = 9, .box_h = 14, .ofs_x = 1, .ofs_y = 0},
    {.bitmap_index = 10083, .adv_w = 272, .box_w = 17, .box_h = 15, .ofs_x = 0, .ofs_y = 0},
    {.bitmap_index = 10211, .adv_w = 208, .box_w = 13, .box_h = 11, .ofs_x = 0, .ofs_y = 0},
    {.bitmap_index = 10283, .adv_w = 272, .box_w = 16, .box_h = 15, .ofs_x = 1, .ofs_y = 0},
    {.bitmap_index = 10403, .adv_w = 208, .box_w = 12, .box_h = 11, .ofs_x = 1, .ofs_y = 0},
    {.bitmap_index = 10469, .adv_w = 208, .box_w = 14, .box_h = 18, .ofs_x = 0, .ofs_y = -3},
    {.bitmap_index = 10595, .adv_w = 176, .box_w = 11, .box_h = 14, .ofs_x = 0, .ofs_y = -3},
    {.bitmap_index = 10672, .adv_w = 208, .box_w = 14, .box_h = 19, .ofs_x = 0, .ofs_y = 0},
    {.bitmap_index = 10805, .adv_w = 176, .box_w = 11, .box_h = 15, .ofs_x = 0, .ofs_y = 0},
    {.bitmap_index = 10888, .adv_w = 208, .box_w = 14, .box_h = 19, .ofs_x = 0, .ofs_y = 0},
    {.bitmap_index = 11021, .adv_w = 176, .box_w = 11, .box_h = 19, .ofs_x = 0, .ofs_y = 0},
    {.bitmap_index = 11126, .adv_w = 208, .box_w = 14, .box_h = 19, .ofs_x = 0, .ofs_y = 0},
    {.bitmap_index = 11259, .adv_w = 176, .box_w = 11, .box_h = 19, .ofs_x = 0, .ofs_y = 0},
    {.bitmap_index = 11364, .adv_w = 208, .box_w = 14, .box_h = 19, .ofs_x = 0, .ofs_y = 0},
    {.bitmap_index = 11497, .adv_w = 176, .box_w = 11, .box_h = 19, .ofs_x = 0, .ofs_y = 0},
    {.bitmap_index = 11602, .adv_w = 208, .box_w = 14, .box_h = 19, .ofs_x = 0, .ofs_y = 0},
    {.bitmap_index = 11735, .adv_w = 176, .box_w = 11, .box_h = 18, .ofs_x = 0, .ofs_y = 0},
    {.bitmap_index = 11834, .adv_w = 208, .box_w = 14, .box_h = 21, .ofs_x = 0, .ofs_y = -3},
    {.bitmap_index = 11981, .adv_w = 176, .box_w = 11, .box_h = 18, .ofs_x = 0, .ofs_y = -3},
    {.bitmap_index = 12080, .adv_w = 208, .box_w = 14, .box_h = 19, .ofs_x = 0, .ofs_y = 0},
    {.bitmap_index = 12213, .adv_w = 176, .box_w = 11, .box_h = 19, .ofs_x = 0, .ofs_y = 0},
    {.bitmap_index = 12318, .adv_w = 208, .box_w = 14, .box_h = 19, .ofs_x = 0, .ofs_y = 0},
    {.bitmap_index = 12451, .adv_w = 176, .box_w = 11, .box_h = 19, .ofs_x = 0, .ofs_y = 0},
    {.bitmap_index = 12556, .adv_w = 208, .box_w = 14, .box_h = 19, .ofs_x = 0, .ofs_y = 0},
    {.bitmap_index = 12689, .adv_w = 176, .box_w = 11, .box_h = 19, .ofs_x = 0, .ofs_y = 0},
    {.bitmap_index = 12794, .adv_w = 208, .box_w = 14, .box_h = 19, .ofs_x = 0, .ofs_y = 0},
    {.bitmap_index = 12927, .adv_w = 176, .box_w = 11, .box_h = 18, .ofs_x = 0, .ofs_y = 0},
    {.bitmap_index = 13026, .adv_w = 208, .box_w = 14, .box_h = 21, .ofs_x = 0, .ofs_y = -3},
    {.bitmap_index = 13173, .adv_w = 176, .box_w = 11, .box_h = 18, .ofs_x = 0, .ofs_y = -3},
    {.bitmap_index = 13272, .adv_w = 208, .box_w = 12, .box_h = 18, .ofs_x = 1, .ofs_y = -3},
    {.bitmap_index = 13380, .adv_w = 176, .box_w = 11, .box_h = 14, .ofs_x = 0, .ofs_y = -3},
    {.bitmap_index = 13457, .adv_w = 208, .box_w = 12, .box_h = 19, .ofs_x = 1, .ofs_y = 0},
    {.bitmap_index = 13571, .adv_w = 176, .box_w = 11, .box_h = 15, .ofs_x = 0, .ofs_y = 0},
    {.bitmap_index = 13654, .adv_w = 208, .box_w = 12, .box_h = 18, .ofs_x = 1, .ofs_y = 0},
    {.bitmap_index = 13762, .adv_w = 176, .box_w = 11, .box_h = 14, .ofs_x = 0, .ofs_y = 0},
    {.bitmap_index = 13839, .adv_w = 208, .box_w = 12, .box_h = 19, .ofs_x = 1, .ofs_y = 0},
    {.bitmap_index = 13953, .adv_w = 176, .box_w = 11, .box_h = 19, .ofs_x = 0, .ofs_y = 0},
    {.bitmap_index = 14058, .adv_w = 208, .box_w = 12, .box_h = 19, .ofs_x = 1, .ofs_y = 0},
    {.bitmap_index = 14172, .adv_w = 176, .box_w = 11, .box_h = 19, .ofs_x = 0, .ofs_y = 0},
    {.bitmap_index = 14277, .adv_w = 208, .box_w = 12, .box_h = 19, .ofs_x = 1, .ofs_y = 0},
    {.bitmap_index = 14391, .adv_w = 176, .box_w = 11, .box_h = 19, .ofs_x = 0, .ofs_y = 0},
    {.bitmap_index = 14496, .adv_w = 208, .box_w = 12, .box_h = 19, .ofs_x = 1, .ofs_y = 0},
    {.bitmap_index = 14610, .adv_w = 176, .box_w = 11, .box_h = 18, .ofs_x = 0, .ofs_y = 0},
    {.bitmap_index = 14709, .adv_w = 208, .box_w = 12, .box_h = 21, .ofs_x = 1, .ofs_y = -3},
    {.bitmap_index = 14835, .adv_w = 176, .box_w = 11, .box_h = 18, .ofs_x = 0, .ofs_y = -3},
    {.bitmap_index = 14934, .adv_w = 96, .box_w = 6, .box_h = 19, .ofs_x = 0, .ofs_y = 0},
    {.bitmap_index = 14991, .adv_w = 64, .box_w = 5, .box_h = 15, .ofs_x = 0, .ofs_y = 0},
    {.bitmap_index = 15029, .adv_w = 96, .box_w = 3, .box_h = 18, .ofs_x = 1, .ofs_y = -3},
    {.bitmap_index = 15056, .adv_w = 64, .box_w = 3, .box_h = 18, .ofs_x = 1, .ofs_y = -3},
    {.bitmap_index = 15083, .adv_w = 256, .box_w = 15, .box_h = 18, .ofs_x = 0, .ofs_y = -3},
    {.bitmap_index = 15218, .adv_w = 176, .box_w = 11, .box_h = 14, .ofs_x = 0, .ofs_y = -3},
    {.bitmap_index = 15295, .adv_w = 256, .box_w = 15, .box_h = 19, .ofs_x = 0, .ofs_y = 0},
    {.bitmap_index = 15438, .adv_w = 176, .box_w = 11, .box_h = 15, .ofs_x = 0, .ofs_y = 0},
    {.bitmap_index = 15521, .adv_w = 256, .box_w = 15, .box_h = 19, .ofs_x = 0, .ofs_y = 0},
    {.bitmap_index = 15664, .adv_w = 176, .box_w = 11, .box_h = 19, .ofs_x = 0, .ofs_y = 0},
    {.bitmap_index = 15769, .adv_w = 256, .box_w = 15, .box_h = 19, .ofs_x = 0, .ofs_y = 0},
    {.bitmap_index = 15912, .adv_w = 176, .box_w = 11, .box_h = 19, .ofs_x = 0, .ofs_y = 0},
    {.bitmap_index = 16017, .adv_w = 256, .box_w = 15, .box_h = 19, .ofs_x = 0, .ofs_y = 0},
    {.bitmap_index = 16160, .adv_w = 176, .box_w = 11, .box_h = 19, .ofs_x = 0, .ofs_y = 0},
    {.bitmap_index = 16265, .adv_w = 256, .box_w = 15, .box_h = 19, .ofs_x = 0, .ofs_y = 0},
    {.bitmap_index = 16408, .adv_w = 176, .box_w = 11, .box_h = 18, .ofs_x = 0, .ofs_y = 0},
    {.bitmap_index = 16507, .adv_w = 256, .box_w = 15, .box_h = 21, .ofs_x = 0, .ofs_y = -3},
    {.bitmap_index = 16665, .adv_w = 176, .box_w = 11, .box_h = 18, .ofs_x = 0, .ofs_y = -3},
    {.bitmap_index = 16764, .adv_w = 272, .box_w = 17, .box_h = 19, .ofs_x = 0, .ofs_y = 0},
    {.bitmap_index = 16926, .adv_w = 208, .box_w = 13, .box_h = 15, .ofs_x = 0, .ofs_y = 0},
    {.bitmap_index = 17024, .adv_w = 272, .box_w = 17, .box_h = 19, .ofs_x = 0, .ofs_y = 0},
    {.bitmap_index = 17186, .adv_w = 208, .box_w = 13, .box_h = 15, .ofs_x = 0, .ofs_y = 0},
    {.bitmap_index = 17284, .adv_w = 272, .box_w = 17, .box_h = 19, .ofs_x = 0, .ofs_y = 0},
    {.bitmap_index = 17446, .adv_w = 208, .box_w = 13, .box_h = 15, .ofs_x = 0, .ofs_y = 0},
    {.bitmap_index = 17544, .adv_w = 272, .box_w = 17, .box_h = 18, .ofs_x = 0, .ofs_y = 0},
    {.bitmap_index = 17697, .adv_w = 208, .box_w = 13, .box_h = 14, .ofs_x = 0, .ofs_y = 0},
    {.bitmap_index = 17788, .adv_w = 272, .box_w = 17, .box_h = 18, .ofs_x = 0, .ofs_y = -3},
    {.bitmap_index = 17941, .adv_w = 208, .box_w = 13, .box_h = 14, .ofs_x = 0, .ofs_y = -3},
    {.bitmap_index = 18032, .adv_w = 224, .box_w = 12, .box_h = 18, .ofs_x = 1, .ofs_y = -3},
    {.bitmap_index = 18140, .adv_w = 176, .box_w = 9, .box_h = 14, .ofs_x = 1, .ofs_y = -3},
    {.bitmap_index = 18203, .adv_w = 224, .box_w = 12, .box_h = 19, .ofs_x = 1, .ofs_y = 0},
    {.bitmap_index = 18317, .adv_w = 176, .box_w = 9, .box_h = 15, .ofs_x = 1, .ofs_y = 0},
    {.bitmap_index = 18385, .adv_w = 272, .box_w = 16, .box_h = 19, .ofs_x = 1, .ofs_y = 0},
    {.bitmap_index = 18537, .adv_w = 208, .box_w = 12, .box_h = 15, .ofs_x = 1, .ofs_y = 0},
    {.bitmap_index = 18627, .adv_w = 272, .box_w = 16, .box_h = 19, .ofs_x = 1, .ofs_y = 0},
    {.bitmap_index = 18779, .adv_w = 208, .box_w = 12, .box_h = 15, .ofs_x = 1, .ofs_y = 0},
    {.bitmap_index = 18869, .adv_w = 272, .box_w = 16, .box_h = 19, .ofs_x = 1, .ofs_y = 0},
    {.bitmap_index = 19021, .adv_w = 208, .box_w = 12, .box_h = 15, .ofs_x = 1, .ofs_y = 0},
    {.bitmap_index = 19111, .adv_w = 272, .box_w = 16, .box_h = 18, .ofs_x = 1, .ofs_y = 0},
    {.bitmap_index = 19255, .adv_w = 208, .box_w = 12, .box_h = 14, .ofs_x = 1, .ofs_y = 0},
    {.bitmap_index = 19339, .adv_w = 272, .box_w = 16, .box_h = 18, .ofs_x = 1, .ofs_y = -3},
    {.bitmap_index = 19483, .adv_w = 208, .box_w = 12, .box_h = 14, .ofs_x = 1, .ofs_y = -3},
    {.bitmap_index = 19567, .adv_w = 208, .box_w = 14, .box_h = 19, .ofs_x = 0, .ofs_y = 0},
    {.bitmap_index = 19700, .adv_w = 160, .box_w = 10, .box_h = 19, .ofs_x = 0, .ofs_y = -4},
    {.bitmap_index = 19795, .adv_w = 208, .box_w = 14, .box_h = 18, .ofs_x = 0, .ofs_y = -3},
    {.bitmap_index = 19921, .adv_w = 160, .box_w = 10, .box_h = 15, .ofs_x = 0, .ofs_y = -4},
    {.bitmap_index = 19996, .adv_w = 208, .box_w = 14, .box_h = 19, .ofs_x = 0, .ofs_y = 0},
    {.bitmap_index = 20129, .adv_w = 160, .box_w = 10, .box_h = 19, .ofs_x = 0, .ofs_y = -4},
    {.bitmap_index = 20224, .adv_w = 208, .box_w = 14, .box_h = 18, .ofs_x = 0, .ofs_y = 0},
    {.bitmap_index = 20350, .adv_w = 160, .box_w = 10, .box_h = 18, .ofs_x = 0, .ofs_y = -4},
};

/*---------------------
 *  CHARACTER MAPPING
 *--------------------*/
static const uint16_t unicode_list_vn[] = {
    0, 1, 2, 3, 8, 9, 10, 12, 13, 18, 19, 20,
    21, 25, 26, 29, 32, 33, 34, 35, 40, 41, 42, 44,
    45, 50, 51, 52, 53, 57, 58, 61, 66, 67, 80, 81,
    104, 105, 168, 169, 224, 225, 239, 240, 7648, 7649, 7650, 7651,
    7652, 7653, 7654, 7655, 7656, 7657, 7658, 7659, 7660, 7661, 7662, 7663,
    7664, 7665, 7666, 7667, 7668, 7669, 7670, 7671, 7672, 7673, 7674, 7675,
    7676, 7677, 7678, 7679, 7680, 7681, 7682, 7683, 7684, 7685, 7686, 7687,
    7688, 7689, 7690, 7691, 7692, 7693, 7694, 7695, 7696, 7697, 7698, 7699,
    7700, 7701, 7702, 7703, 7704, 7705, 7706, 7707, 7708, 7709, 7710, 7711,
    7712, 7713, 7714, 7715, 7716, 7717, 7718, 7719, 7720, 7721, 7722, 7723,
    7724, 7725, 7726, 7727, 7728, 7729, 7730, 7731, 7732, 7733, 7734, 7735,
    7736, 7737,
};

static const lv_font_fmt_txt_cmap_t cmaps[] = {
    {
        .range_start = 0x20, .range_length = 95, .glyph_id_start = 1,
        .unicode_list = NULL, .glyph_id_ofs_list = NULL, .list_length = 0, .type = LV_FONT_FMT_TXT_CMAP_FORMAT0_TINY
    },
    {
        .range_start = 192, .range_length = 7738, .glyph_id_start = 96,
        .unicode_list = unicode_list_vn, .glyph_id_ofs_list = NULL, .list_length = 134, .type = LV_FONT_FMT_TXT_CMAP_SPARSE_TINY
    }
};

/*--------------------
 *  ALL CUSTOM DATA
 *--------------------*/
static const lv_font_fmt_txt_dsc_t font_dsc = {
    .glyph_bitmap = glyph_bitmap,
    .glyph_dsc = glyph_dsc,
    .cmaps = cmaps,
    .kern_dsc = NULL,
    .kern_scale = 0,
    .cmap_num = 2,
    .bpp = 4,
    .kern_classes = 0,
    .bitmap_format = 0,
};

/*-----------------
 *  PUBLIC FONT
 *----------------*/
const lv_font_t lv_font_vn_20 = {
    .get_glyph_dsc = lv_font_get_glyph_dsc_fmt_txt,
    .get_glyph_bitmap = lv_font_get_bitmap_fmt_txt,
    .line_height = 24,
    .base_line = 5,
    .subpx = LV_FONT_SUBPX_NONE,
    .underline_position = 0,
    .underline_thickness = 0,
    .dsc = &font_dsc,
    .fallback = &lv_font_montserrat_20,  /* symbols + any missing glyph fall back here */
};

#endif /* LV_FONT_VN_20 */
